{
  "orientation": [
    [
      0.9981212019920349,
      -0.046973954886198044,
      0.03933880105614662
    ],
    [
      0.045347731560468674,
      0.9981188774108887,
      0.04125847667455673
    ],
    [
      -0.04120287299156189,
      -0.03939703106880188,
      0.9983737468719482
    ]
  ],
  "position": [
    -2.2587618827819824,
    2.839176893234253,
    -0.30643340945243835
  ],
  "focal_length": 1179.67529296875,
  "principal_point": [
    959.1878662109375,
    526.7432861328125
  ],
  "skew": 0.0,
  "pixel_aspect_ratio": 1.0,
  "radial_distortion": [
    -0.06811776012182236,
    0.10191366821527481,
    0.0
  ],
  "tangential_distortion": [
    -0.002756558358669281,
    0.007659177295863628
  ],
  "image_size": [
    1920,
    1080
  ]
}