{
  "orientation": [
    [
      0.5064972639083862,
      -0.7751513719558716,
      0.37762531638145447
    ],
    [
      0.6451003551483154,
      0.6312589645385742,
      0.4305318593978882
    ],
    [
      -0.5721067190170288,
      0.025543013587594032,
      0.8197813630104065
    ]
  ],
  "position": [
    3.245690107345581,
    -0.6359773278236389,
    0.5912665724754333
  ],
  "focal_length": 1179.67529296875,
  "principal_point": [
    959.1878662109375,
    526.7432861328125
  ],
  "skew": 0.0,
  "pixel_aspect_ratio": 1.0,
  "radial_distortion": [
    -0.06811776012182236,
    0.10191366821527481,
    0.0
  ],
  "tangential_distortion": [
    -0.002756558358669281,
    0.007659177295863628
  ],
  "image_size": [
    1920,
    1080
  ]
}