{
  "orientation": [
    [
      0.2844112515449524,
      -0.8878843784332275,
      0.3616235852241516
    ],
    [
      0.8087784051895142,
      0.42474669218063354,
      0.4067772328853607
    ],
    [
      -0.5147695541381836,
      0.1767813265323639,
      0.8389044404029846
    ]
  ],
  "position": [
    2.6759161949157715,
    -1.2662146091461182,
    1.5901695489883423
  ],
  "focal_length": 1179.67529296875,
  "principal_point": [
    959.1878662109375,
    526.7432861328125
  ],
  "skew": 0.0,
  "pixel_aspect_ratio": 1.0,
  "radial_distortion": [
    -0.06811776012182236,
    0.10191366821527481,
    0.0
  ],
  "tangential_distortion": [
    -0.002756558358669281,
    0.007659177295863628
  ],
  "image_size": [
    1920,
    1080
  ]
}