{
  "orientation": [
    [
      0.8753083348274231,
      -0.46271616220474243,
      0.14045999944210052
    ],
    [
      0.4181404113769531,
      0.870145857334137,
      0.26077723503112793
    ],
    [
      -0.2428865283727646,
      -0.16952848434448242,
      0.9551262855529785
    ]
  ],
  "position": [
    -1.3770123720169067,
    2.602944850921631,
    -0.9140286445617676
  ],
  "focal_length": 1179.67529296875,
  "principal_point": [
    959.1878662109375,
    526.7432861328125
  ],
  "skew": 0.0,
  "pixel_aspect_ratio": 1.0,
  "radial_distortion": [
    -0.06811776012182236,
    0.10191366821527481,
    0.0
  ],
  "tangential_distortion": [
    -0.002756558358669281,
    0.007659177295863628
  ],
  "image_size": [
    1920,
    1080
  ]
}