{
  "orientation": [
    [
      0.31943199038505554,
      -0.8640056252479553,
      0.3891753554344177
    ],
    [
      0.7068029046058655,
      0.4907911717891693,
      0.5094641447067261
    ],
    [
      -0.6311837434768677,
      0.11233111470937729,
      0.7674560546875
    ]
  ],
  "position": [
    3.341627836227417,
    -1.7009665966033936,
    0.8479781150817871
  ],
  "focal_length": 1179.67529296875,
  "principal_point": [
    959.1878662109375,
    526.7432861328125
  ],
  "skew": 0.0,
  "pixel_aspect_ratio": 1.0,
  "radial_distortion": [
    -0.06811776012182236,
    0.10191366821527481,
    0.0
  ],
  "tangential_distortion": [
    -0.002756558358669281,
    0.007659177295863628
  ],
  "image_size": [
    1920,
    1080
  ]
}