{
  "orientation": [
    [
      0.16526508331298828,
      -0.9090909361839294,
      0.3824148178100586
    ],
    [
      0.826732873916626,
      0.33912399411201477,
      0.44889602065086365
    ],
    [
      -0.5377733707427979,
      0.2419680655002594,
      0.8076207637786865
    ]
  ],
  "position": [
    2.7673656940460205,
    -1.9380309581756592,
    1.4372209310531616
  ],
  "focal_length": 1179.67529296875,
  "principal_point": [
    959.1878662109375,
    526.7432861328125
  ],
  "skew": 0.0,
  "pixel_aspect_ratio": 1.0,
  "radial_distortion": [
    -0.06811776012182236,
    0.10191366821527481,
    0.0
  ],
  "tangential_distortion": [
    -0.002756558358669281,
    0.007659177295863628
  ],
  "image_size": [
    1920,
    1080
  ]
}