{
  "orientation": [
    [
      0.9929861426353455,
      -0.09644223004579544,
      0.0683918297290802
    ],
    [
      0.09236076474189758,
      0.9938843846321106,
      0.06052578240633011
    ],
    [
      -0.07381081581115723,
      -0.05378453806042671,
      0.9958208799362183
    ]
  ],
  "position": [
    -1.9167604446411133,
    2.994229555130005,
    -0.315862774848938
  ],
  "focal_length": 1179.67529296875,
  "principal_point": [
    959.1878662109375,
    526.7432861328125
  ],
  "skew": 0.0,
  "pixel_aspect_ratio": 1.0,
  "radial_distortion": [
    -0.06811776012182236,
    0.10191366821527481,
    0.0
  ],
  "tangential_distortion": [
    -0.002756558358669281,
    0.007659177295863628
  ],
  "image_size": [
    1920,
    1080
  ]
}