{
  "orientation": [
    [
      0.7008378505706787,
      -0.6648491024971008,
      0.2584608197212219
    ],
    [
      0.5831306576728821,
      0.7426800727844238,
      0.32921865582466125
    ],
    [
      -0.4108344316482544,
      -0.08001246303319931,
      0.9081922173500061
    ]
  ],
  "position": [
    0.6483295559883118,
    1.433478593826294,
    -0.21379147469997406
  ],
  "focal_length": 1179.67529296875,
  "principal_point": [
    959.1878662109375,
    526.7432861328125
  ],
  "skew": 0.0,
  "pixel_aspect_ratio": 1.0,
  "radial_distortion": [
    -0.06811776012182236,
    0.10191366821527481,
    0.0
  ],
  "tangential_distortion": [
    -0.002756558358669281,
    0.007659177295863628
  ],
  "image_size": [
    1920,
    1080
  ]
}