{
  "orientation": [
    [
      0.7066289782524109,
      -0.6197885870933533,
      0.34137603640556335
    ],
    [
      0.5375081300735474,
      0.7839406728744507,
      0.31067991256713867
    ],
    [
      -0.46017444133758545,
      -0.036043018102645874,
      0.8870965838432312
    ]
  ],
  "position": [
    1.7961913347244263,
    0.9840673208236694,
    0.2399914413690567
  ],
  "focal_length": 1179.67529296875,
  "principal_point": [
    959.1878662109375,
    526.7432861328125
  ],
  "skew": 0.0,
  "pixel_aspect_ratio": 1.0,
  "radial_distortion": [
    -0.06811776012182236,
    0.10191366821527481,
    0.0
  ],
  "tangential_distortion": [
    -0.002756558358669281,
    0.007659177295863628
  ],
  "image_size": [
    1920,
    1080
  ]
}