{
  "orientation": [
    [
      0.9558736085891724,
      -0.2430315911769867,
      0.16504937410354614
    ],
    [
      0.2268938422203064,
      0.9676039218902588,
      0.11073341220617294
    ],
    [
      -0.18661414086818695,
      -0.06839845329523087,
      0.9800493717193604
    ]
  ],
  "position": [
    -0.5969851613044739,
    2.404344320297241,
    0.05665338411927223
  ],
  "focal_length": 1179.67529296875,
  "principal_point": [
    959.1878662109375,
    526.7432861328125
  ],
  "skew": 0.0,
  "pixel_aspect_ratio": 1.0,
  "radial_distortion": [
    -0.06811776012182236,
    0.10191366821527481,
    0.0
  ],
  "tangential_distortion": [
    -0.002756558358669281,
    0.007659177295863628
  ],
  "image_size": [
    1920,
    1080
  ]
}