{
  "orientation": [
    [
      0.9960140585899353,
      -0.07111851125955582,
      0.05383468419313431
    ],
    [
      0.06850677728652954,
      0.9964515566825867,
      0.04889857769012451
    ],
    [
      -0.05712125077843666,
      -0.04501563310623169,
      0.997351884841919
    ]
  ],
  "position": [
    -2.1070492267608643,
    2.928370952606201,
    -0.3206019997596741
  ],
  "focal_length": 1179.67529296875,
  "principal_point": [
    959.1878662109375,
    526.7432861328125
  ],
  "skew": 0.0,
  "pixel_aspect_ratio": 1.0,
  "radial_distortion": [
    -0.06811776012182236,
    0.10191366821527481,
    0.0
  ],
  "tangential_distortion": [
    -0.002756558358669281,
    0.007659177295863628
  ],
  "image_size": [
    1920,
    1080
  ]
}