{
  "orientation": [
    [
      0.27891793847084045,
      -0.8769635558128357,
      0.39133068919181824
    ],
    [
      0.7158689498901367,
      0.46149781346321106,
      0.5239765048027039
    ],
    [
      -0.6401065587997437,
      0.13399504125118256,
      0.7565109729766846
    ]
  ],
  "position": [
    3.291497230529785,
    -1.8653440475463867,
    0.9048750400543213
  ],
  "focal_length": 1179.67529296875,
  "principal_point": [
    959.1878662109375,
    526.7432861328125
  ],
  "skew": 0.0,
  "pixel_aspect_ratio": 1.0,
  "radial_distortion": [
    -0.06811776012182236,
    0.10191366821527481,
    0.0
  ],
  "tangential_distortion": [
    -0.002756558358669281,
    0.007659177295863628
  ],
  "image_size": [
    1920,
    1080
  ]
}