{
  "orientation": [
    [
      0.9669862985610962,
      -0.21113178133964539,
      0.14269153773784637
    ],
    [
      0.19772207736968994,
      0.9748789072036743,
      0.102552630007267
    ],
    [
      -0.1607590913772583,
      -0.07095371931791306,
      0.9844399690628052
    ]
  ],
  "position": [
    -0.842503547668457,
    2.6109139919281006,
    -0.13037961721420288
  ],
  "focal_length": 1179.67529296875,
  "principal_point": [
    959.1878662109375,
    526.7432861328125
  ],
  "skew": 0.0,
  "pixel_aspect_ratio": 1.0,
  "radial_distortion": [
    -0.06811776012182236,
    0.10191366821527481,
    0.0
  ],
  "tangential_distortion": [
    -0.002756558358669281,
    0.007659177295863628
  ],
  "image_size": [
    1920,
    1080
  ]
}