{
  "orientation": [
    [
      0.8923128247261047,
      -0.4330448806285858,
      0.12747518718242645
    ],
    [
      0.393669992685318,
      0.884685754776001,
      0.24971002340316772
    ],
    [
      -0.22091113030910492,
      -0.17263631522655487,
      0.9598932266235352
    ]
  ],
  "position": [
    -1.5783382654190063,
    2.755949020385742,
    -0.9645456075668335
  ],
  "focal_length": 1179.67529296875,
  "principal_point": [
    959.1878662109375,
    526.7432861328125
  ],
  "skew": 0.0,
  "pixel_aspect_ratio": 1.0,
  "radial_distortion": [
    -0.06811776012182236,
    0.10191366821527481,
    0.0
  ],
  "tangential_distortion": [
    -0.002756558358669281,
    0.007659177295863628
  ],
  "image_size": [
    1920,
    1080
  ]
}