{
  "orientation": [
    [
      0.13419997692108154,
      -0.9161659479141235,
      0.3776642978191376
    ],
    [
      0.8239725828170776,
      0.31488531827926636,
      0.4710800051689148
    ],
    [
      -0.5505083799362183,
      0.24796612560749054,
      0.7971532344818115
    ]
  ],
  "position": [
    2.8385109901428223,
    -1.8746321201324463,
    1.4987436532974243
  ],
  "focal_length": 1179.67529296875,
  "principal_point": [
    959.1878662109375,
    526.7432861328125
  ],
  "skew": 0.0,
  "pixel_aspect_ratio": 1.0,
  "radial_distortion": [
    -0.06811776012182236,
    0.10191366821527481,
    0.0
  ],
  "tangential_distortion": [
    -0.002756558358669281,
    0.007659177295863628
  ],
  "image_size": [
    1920,
    1080
  ]
}