{
  "orientation": [
    [
      0.04441945627331734,
      -0.9168967008590698,
      0.39664506912231445
    ],
    [
      0.8154661655426025,
      0.2626335322856903,
      0.515789270401001
    ],
    [
      -0.5770977735519409,
      0.3005395531654358,
      0.7593643069267273
    ]
  ],
  "position": [
    3.186845302581787,
    -2.045055389404297,
    1.5961480140686035
  ],
  "focal_length": 1179.67529296875,
  "principal_point": [
    959.1878662109375,
    526.7432861328125
  ],
  "skew": 0.0,
  "pixel_aspect_ratio": 1.0,
  "radial_distortion": [
    -0.06811776012182236,
    0.10191366821527481,
    0.0
  ],
  "tangential_distortion": [
    -0.002756558358669281,
    0.007659177295863628
  ],
  "image_size": [
    1920,
    1080
  ]
}