{
  "orientation": [
    [
      -0.02779572829604149,
      -0.9162216782569885,
      0.39970648288726807
    ],
    [
      0.7989588975906372,
      0.21994364261627197,
      0.5597226619720459
    ],
    [
      -0.6007429361343384,
      0.3349069356918335,
      0.725909948348999
    ]
  ],
  "position": [
    3.6147263050079346,
    -2.2590279579162598,
    1.4182300567626953
  ],
  "focal_length": 1179.67529296875,
  "principal_point": [
    959.1878662109375,
    526.7432861328125
  ],
  "skew": 0.0,
  "pixel_aspect_ratio": 1.0,
  "radial_distortion": [
    -0.06811776012182236,
    0.10191366821527481,
    0.0
  ],
  "tangential_distortion": [
    -0.002756558358669281,
    0.007659177295863628
  ],
  "image_size": [
    1920,
    1080
  ]
}