{
  "orientation": [
    [
      -0.041940003633499146,
      -0.9137800931930542,
      0.4040383994579315
    ],
    [
      0.7893035411834717,
      0.21763505041599274,
      0.5741384625434875
    ],
    [
      -0.6125691533088684,
      0.3429882824420929,
      0.7121222019195557
    ]
  ],
  "position": [
    3.64569091796875,
    -2.3389205932617188,
    1.5156599283218384
  ],
  "focal_length": 1179.67529296875,
  "principal_point": [
    959.1878662109375,
    526.7432861328125
  ],
  "skew": 0.0,
  "pixel_aspect_ratio": 1.0,
  "radial_distortion": [
    -0.06811776012182236,
    0.10191366821527481,
    0.0
  ],
  "tangential_distortion": [
    -0.002756558358669281,
    0.007659177295863628
  ],
  "image_size": [
    1920,
    1080
  ]
}