{
  "orientation": [
    [
      -0.008346826769411564,
      -0.9159117937088013,
      0.4012928009033203
    ],
    [
      0.8031214475631714,
      0.232949361205101,
      0.5483890771865845
    ],
    [
      -0.5957569479942322,
      0.3268641531467438,
      0.7336440086364746
    ]
  ],
  "position": [
    3.5575039386749268,
    -2.2284762859344482,
    1.4475661516189575
  ],
  "focal_length": 1179.67529296875,
  "principal_point": [
    959.1878662109375,
    526.7432861328125
  ],
  "skew": 0.0,
  "pixel_aspect_ratio": 1.0,
  "radial_distortion": [
    -0.06811776012182236,
    0.10191366821527481,
    0.0
  ],
  "tangential_distortion": [
    -0.002756558358669281,
    0.007659177295863628
  ],
  "image_size": [
    1920,
    1080
  ]
}