{
  "orientation": [
    [
      0.9999291896820068,
      0.004247030708938837,
      0.011118697933852673
    ],
    [
      -0.004440238233655691,
      0.9998385906219482,
      0.017410198226571083
    ],
    [
      -0.011042961850762367,
      -0.017458336427807808,
      0.9997866153717041
    ]
  ],
  "position": [
    -2.571284294128418,
    2.586829900741577,
    -0.21934807300567627
  ],
  "focal_length": 1179.67529296875,
  "principal_point": [
    959.1878662109375,
    526.7432861328125
  ],
  "skew": 0.0,
  "pixel_aspect_ratio": 1.0,
  "radial_distortion": [
    -0.06811776012182236,
    0.10191366821527481,
    0.0
  ],
  "tangential_distortion": [
    -0.002756558358669281,
    0.007659177295863628
  ],
  "image_size": [
    1920,
    1080
  ]
}