{
  "orientation": [
    [
      0.385868638753891,
      -0.8553977608680725,
      0.34554317593574524
    ],
    [
      0.7747228741645813,
      0.5038146376609802,
      0.38206714391708374
    ],
    [
      -0.5009090900421143,
      0.12027245759963989,
      0.8571024537086487
    ]
  ],
  "position": [
    2.5892446041107178,
    -0.30069833993911743,
    1.8444232940673828
  ],
  "focal_length": 1179.67529296875,
  "principal_point": [
    959.1878662109375,
    526.7432861328125
  ],
  "skew": 0.0,
  "pixel_aspect_ratio": 1.0,
  "radial_distortion": [
    -0.06811776012182236,
    0.10191366821527481,
    0.0
  ],
  "tangential_distortion": [
    -0.002756558358669281,
    0.007659177295863628
  ],
  "image_size": [
    1920,
    1080
  ]
}