{
  "orientation": [
    [
      0.49761831760406494,
      -0.8052200078964233,
      0.3224852383136749
    ],
    [
      0.7218522429466248,
      0.5905787944793701,
      0.3607575297355652
    ],
    [
      -0.48094213008880615,
      0.05326713249087334,
      0.8751327395439148
    ]
  ],
  "position": [
    2.146491765975952,
    0.2626732289791107,
    1.5708122253417969
  ],
  "focal_length": 1179.67529296875,
  "principal_point": [
    959.1878662109375,
    526.7432861328125
  ],
  "skew": 0.0,
  "pixel_aspect_ratio": 1.0,
  "radial_distortion": [
    -0.06811776012182236,
    0.10191366821527481,
    0.0
  ],
  "tangential_distortion": [
    -0.002756558358669281,
    0.007659177295863628
  ],
  "image_size": [
    1920,
    1080
  ]
}