{
  "orientation": [
    [
      0.35116884112358093,
      -0.867335319519043,
      0.3527178466320038
    ],
    [
      0.7884501218795776,
      0.4771067798137665,
      0.3882209062576294
    ],
    [
      -0.5050017833709717,
      0.14176936447620392,
      0.8513956665992737
    ]
  ],
  "position": [
    2.7651941776275635,
    -0.6146451830863953,
    1.6757358312606812
  ],
  "focal_length": 1179.67529296875,
  "principal_point": [
    959.1878662109375,
    526.7432861328125
  ],
  "skew": 0.0,
  "pixel_aspect_ratio": 1.0,
  "radial_distortion": [
    -0.06811776012182236,
    0.10191366821527481,
    0.0
  ],
  "tangential_distortion": [
    -0.002756558358669281,
    0.007659177295863628
  ],
  "image_size": [
    1920,
    1080
  ]
}