{
  "orientation": [
    [
      0.5592278242111206,
      -0.7699207663536072,
      0.3073861002922058
    ],
    [
      0.6839766502380371,
      0.6380181908607483,
      0.3537071943283081
    ],
    [
      -0.46844443678855896,
      0.012442011386156082,
      0.883405327796936
    ]
  ],
  "position": [
    1.850223422050476,
    0.7627592086791992,
    1.1836652755737305
  ],
  "focal_length": 1179.67529296875,
  "principal_point": [
    959.1878662109375,
    526.7432861328125
  ],
  "skew": 0.0,
  "pixel_aspect_ratio": 1.0,
  "radial_distortion": [
    -0.06811776012182236,
    0.10191366821527481,
    0.0
  ],
  "tangential_distortion": [
    -0.002756558358669281,
    0.007659177295863628
  ],
  "image_size": [
    1920,
    1080
  ]
}