{
  "orientation": [
    [
      0.4026632606983185,
      -0.8304750919342041,
      0.3849329948425293
    ],
    [
      0.6822084188461304,
      0.5526594519615173,
      0.4787057638168335
    ],
    [
      -0.6102900505065918,
      0.06984729319810867,
      0.7890927791595459
    ]
  ],
  "position": [
    3.5224008560180664,
    -1.2596971988677979,
    0.6903375387191772
  ],
  "focal_length": 1179.67529296875,
  "principal_point": [
    959.1878662109375,
    526.7432861328125
  ],
  "skew": 0.0,
  "pixel_aspect_ratio": 1.0,
  "radial_distortion": [
    -0.06811776012182236,
    0.10191366821527481,
    0.0
  ],
  "tangential_distortion": [
    -0.002756558358669281,
    0.007659177295863628
  ],
  "image_size": [
    1920,
    1080
  ]
}