{
  "orientation": [
    [
      0.6295185685157776,
      -0.6902092695236206,
      0.35681575536727905
    ],
    [
      0.5889384746551514,
      0.7234176397323608,
      0.36030313372612
    ],
    [
      -0.5068113803863525,
      -0.01667500101029873,
      0.8618956804275513
    ]
  ],
  "position": [
    2.463843822479248,
    0.3675731122493744,
    0.38973215222358704
  ],
  "focal_length": 1179.67529296875,
  "principal_point": [
    959.1878662109375,
    526.7432861328125
  ],
  "skew": 0.0,
  "pixel_aspect_ratio": 1.0,
  "radial_distortion": [
    -0.06811776012182236,
    0.10191366821527481,
    0.0
  ],
  "tangential_distortion": [
    -0.002756558358669281,
    0.007659177295863628
  ],
  "image_size": [
    1920,
    1080
  ]
}