{
  "orientation": [
    [
      0.6427105665206909,
      -0.7120022177696228,
      0.2828002870082855
    ],
    [
      0.6265880465507507,
      0.7009334564208984,
      0.3407047986984253
    ],
    [
      -0.4408067464828491,
      -0.041775286197662354,
      0.8966293931007385
    ]
  ],
  "position": [
    1.2659244537353516,
    1.1282732486724854,
    0.3099955916404724
  ],
  "focal_length": 1179.67529296875,
  "principal_point": [
    959.1878662109375,
    526.7432861328125
  ],
  "skew": 0.0,
  "pixel_aspect_ratio": 1.0,
  "radial_distortion": [
    -0.06811776012182236,
    0.10191366821527481,
    0.0
  ],
  "tangential_distortion": [
    -0.002756558358669281,
    0.007659177295863628
  ],
  "image_size": [
    1920,
    1080
  ]
}