{
  "orientation": [
    [
      -0.04061973839998245,
      -0.913835883140564,
      0.40404701232910156
    ],
    [
      0.7653566002845764,
      0.23150095343589783,
      0.6005302667617798
    ],
    [
      -0.64232337474823,
      0.3336334228515625,
      0.6900067925453186
    ]
  ],
  "position": [
    3.5485076904296875,
    -2.565455198287964,
    1.366089105606079
  ],
  "focal_length": 1179.67529296875,
  "principal_point": [
    959.1878662109375,
    526.7432861328125
  ],
  "skew": 0.0,
  "pixel_aspect_ratio": 1.0,
  "radial_distortion": [
    -0.06811776012182236,
    0.10191366821527481,
    0.0
  ],
  "tangential_distortion": [
    -0.002756558358669281,
    0.007659177295863628
  ],
  "image_size": [
    1920,
    1080
  ]
}