{
  "orientation": [
    [
      0.008352701552212238,
      -0.9147000312805176,
      0.4040471613407135
    ],
    [
      0.7496362328529358,
      0.2731437683105469,
      0.6028581857681274
    ],
    [
      -0.6617973446846008,
      0.29785290360450745,
      0.6879737973213196
    ]
  ],
  "position": [
    3.437720775604248,
    -2.5927975177764893,
    1.4222596883773804
  ],
  "focal_length": 1179.67529296875,
  "principal_point": [
    959.1878662109375,
    526.7432861328125
  ],
  "skew": 0.0,
  "pixel_aspect_ratio": 1.0,
  "radial_distortion": [
    -0.06811776012182236,
    0.10191366821527481,
    0.0
  ],
  "tangential_distortion": [
    -0.002756558358669281,
    0.007659177295863628
  ],
  "image_size": [
    1920,
    1080
  ]
}