{
  "orientation": [
    [
      0.8230947256088257,
      -0.48611772060394287,
      0.2936061918735504
    ],
    [
      0.433777391910553,
      0.8718417882919312,
      0.22744017839431763
    ],
    [
      -0.3665408492088318,
      -0.05984509736299515,
      0.9284753203392029
    ]
  ],
  "position": [
    0.7331418991088867,
    1.7708293199539185,
    0.23876313865184784
  ],
  "focal_length": 1179.67529296875,
  "principal_point": [
    959.1878662109375,
    526.7432861328125
  ],
  "skew": 0.0,
  "pixel_aspect_ratio": 1.0,
  "radial_distortion": [
    -0.06811776012182236,
    0.10191366821527481,
    0.0
  ],
  "tangential_distortion": [
    -0.002756558358669281,
    0.007659177295863628
  ],
  "image_size": [
    1920,
    1080
  ]
}