{
  "orientation": [
    [
      0.8388106822967529,
      -0.516021728515625,
      0.17354589700698853
    ],
    [
      0.4576682150363922,
      0.8409987092018127,
      0.2885497808456421
    ],
    [
      -0.29484984278678894,
      -0.1626122146844864,
      0.9416054487228394
    ]
  ],
  "position": [
    -0.8451058268547058,
    2.3985178470611572,
    -0.7455731630325317
  ],
  "focal_length": 1179.67529296875,
  "principal_point": [
    959.1878662109375,
    526.7432861328125
  ],
  "skew": 0.0,
  "pixel_aspect_ratio": 1.0,
  "radial_distortion": [
    -0.06811776012182236,
    0.10191366821527481,
    0.0
  ],
  "tangential_distortion": [
    -0.002756558358669281,
    0.007659177295863628
  ],
  "image_size": [
    1920,
    1080
  ]
}