{
  "orientation": [
    [
      0.9835909008979797,
      -0.18031106889247894,
      -0.006066957022994757
    ],
    [
      0.17931321263313293,
      0.9733338356018066,
      0.14306646585464478
    ],
    [
      -0.019891291856765747,
      -0.14180676639080048,
      0.9896944761276245
    ]
  ],
  "position": [
    -3.487927198410034,
    3.2687690258026123,
    -1.2885971069335938
  ],
  "focal_length": 1179.67529296875,
  "principal_point": [
    959.1878662109375,
    526.7432861328125
  ],
  "skew": 0.0,
  "pixel_aspect_ratio": 1.0,
  "radial_distortion": [
    -0.06811776012182236,
    0.10191366821527481,
    0.0
  ],
  "tangential_distortion": [
    -0.002756558358669281,
    0.007659177295863628
  ],
  "image_size": [
    1920,
    1080
  ]
}