{
  "orientation": [
    [
      0.0683508887887001,
      -0.9108339548110962,
      0.4070744514465332
    ],
    [
      0.7441127896308899,
      0.31833353638648987,
      0.5873329043388367
    ],
    [
      -0.6645482182502747,
      0.262764573097229,
      0.6995216012001038
    ]
  ],
  "position": [
    3.305806875228882,
    -2.534834384918213,
    1.3603713512420654
  ],
  "focal_length": 1179.67529296875,
  "principal_point": [
    959.1878662109375,
    526.7432861328125
  ],
  "skew": 0.0,
  "pixel_aspect_ratio": 1.0,
  "radial_distortion": [
    -0.06811776012182236,
    0.10191366821527481,
    0.0
  ],
  "tangential_distortion": [
    -0.002756558358669281,
    0.007659177295863628
  ],
  "image_size": [
    1920,
    1080
  ]
}