{
  "orientation": [
    [
      0.6188948154449463,
      -0.7289702296257019,
      0.2925262153148651
    ],
    [
      0.6433836221694946,
      0.6841090321540833,
      0.3435874283313751
    ],
    [
      -0.45058485865592957,
      -0.024437900632619858,
      0.8923990726470947
    ]
  ],
  "position": [
    1.4801396131515503,
    1.0660966634750366,
    0.6284117698669434
  ],
  "focal_length": 1179.67529296875,
  "principal_point": [
    959.1878662109375,
    526.7432861328125
  ],
  "skew": 0.0,
  "pixel_aspect_ratio": 1.0,
  "radial_distortion": [
    -0.06811776012182236,
    0.10191366821527481,
    0.0
  ],
  "tangential_distortion": [
    -0.002756558358669281,
    0.007659177295863628
  ],
  "image_size": [
    1920,
    1080
  ]
}