{
  "orientation": [
    [
      0.9525060653686523,
      -0.2993025779724121,
      0.05612620711326599
    ],
    [
      0.2840801775455475,
      0.93973708152771,
      0.1902436465024948
    ],
    [
      -0.1096842959523201,
      -0.16526389122009277,
      0.980131208896637
    ]
  ],
  "position": [
    -2.5857815742492676,
    3.1654999256134033,
    -0.988735556602478
  ],
  "focal_length": 1179.67529296875,
  "principal_point": [
    959.1878662109375,
    526.7432861328125
  ],
  "skew": 0.0,
  "pixel_aspect_ratio": 1.0,
  "radial_distortion": [
    -0.06811776012182236,
    0.10191366821527481,
    0.0
  ],
  "tangential_distortion": [
    -0.002756558358669281,
    0.007659177295863628
  ],
  "image_size": [
    1920,
    1080
  ]
}