{
  "orientation": [
    [
      -0.014319146983325481,
      -0.9155111312866211,
      0.402037650346756
    ],
    [
      0.7535526752471924,
      0.2544054090976715,
      0.6061651706695557
    ],
    [
      -0.6572315692901611,
      0.3116363286972046,
      0.6862430572509766
    ]
  ],
  "position": [
    3.5229616165161133,
    -2.5512754917144775,
    1.4457849264144897
  ],
  "focal_length": 1179.67529296875,
  "principal_point": [
    959.1878662109375,
    526.7432861328125
  ],
  "skew": 0.0,
  "pixel_aspect_ratio": 1.0,
  "radial_distortion": [
    -0.06811776012182236,
    0.10191366821527481,
    0.0
  ],
  "tangential_distortion": [
    -0.002756558358669281,
    0.007659177295863628
  ],
  "image_size": [
    1920,
    1080
  ]
}