{
  "orientation": [
    [
      0.9996783137321472,
      -0.014043327420949936,
      0.021120544523000717
    ],
    [
      0.013483019545674324,
      0.9995594024658203,
      0.026441486552357674
    ],
    [
      -0.021482566371560097,
      -0.02614821121096611,
      0.9994271993637085
    ]
  ],
  "position": [
    -2.4541587829589844,
    2.691232204437256,
    -0.2504097819328308
  ],
  "focal_length": 1179.67529296875,
  "principal_point": [
    959.1878662109375,
    526.7432861328125
  ],
  "skew": 0.0,
  "pixel_aspect_ratio": 1.0,
  "radial_distortion": [
    -0.06811776012182236,
    0.10191366821527481,
    0.0
  ],
  "tangential_distortion": [
    -0.002756558358669281,
    0.007659177295863628
  ],
  "image_size": [
    1920,
    1080
  ]
}