{
  "orientation": [
    [
      0.2384023666381836,
      -0.8864415884017944,
      0.39671850204467773
    ],
    [
      0.7228831648826599,
      0.4347647428512573,
      0.5370470285415649
    ],
    [
      -0.6485400795936584,
      0.1587478667497635,
      0.7444427013397217
    ]
  ],
  "position": [
    3.2564077377319336,
    -2.0033390522003174,
    1.053250789642334
  ],
  "focal_length": 1179.67529296875,
  "principal_point": [
    959.1878662109375,
    526.7432861328125
  ],
  "skew": 0.0,
  "pixel_aspect_ratio": 1.0,
  "radial_distortion": [
    -0.06811776012182236,
    0.10191366821527481,
    0.0
  ],
  "tangential_distortion": [
    -0.002756558358669281,
    0.007659177295863628
  ],
  "image_size": [
    1920,
    1080
  ]
}