{
  "orientation": [
    [
      0.5898844003677368,
      -0.7485865354537964,
      0.30274510383605957
    ],
    [
      0.6645492315292358,
      0.6630337834358215,
      0.34461644291877747
    ],
    [
      -0.45870545506477356,
      -0.002094842493534088,
      0.8885859251022339
    ]
  ],
  "position": [
    1.6489533185958862,
    0.8940883278846741,
    0.9156368970870972
  ],
  "focal_length": 1179.67529296875,
  "principal_point": [
    959.1878662109375,
    526.7432861328125
  ],
  "skew": 0.0,
  "pixel_aspect_ratio": 1.0,
  "radial_distortion": [
    -0.06811776012182236,
    0.10191366821527481,
    0.0
  ],
  "tangential_distortion": [
    -0.002756558358669281,
    0.007659177295863628
  ],
  "image_size": [
    1920,
    1080
  ]
}