{
  "orientation": [
    [
      0.3227417767047882,
      -0.8736726641654968,
      0.364051878452301
    ],
    [
      0.7931922674179077,
      0.45952358841896057,
      0.3996049463748932
    ],
    [
      -0.5164143443107605,
      0.1597939133644104,
      0.8412978649139404
    ]
  ],
  "position": [
    2.852055311203003,
    -0.9046284556388855,
    1.670673131942749
  ],
  "focal_length": 1179.67529296875,
  "principal_point": [
    959.1878662109375,
    526.7432861328125
  ],
  "skew": 0.0,
  "pixel_aspect_ratio": 1.0,
  "radial_distortion": [
    -0.06811776012182236,
    0.10191366821527481,
    0.0
  ],
  "tangential_distortion": [
    -0.002756558358669281,
    0.007659177295863628
  ],
  "image_size": [
    1920,
    1080
  ]
}