{
  "orientation": [
    [
      -0.04818999394774437,
      -0.9144375324249268,
      0.4018479287624359
    ],
    [
      0.767038106918335,
      0.2238168716430664,
      0.6012973785400391
    ],
    [
      -0.6397892236709595,
      0.33720919489860535,
      0.6906226873397827
    ]
  ],
  "position": [
    3.5961785316467285,
    -2.4484124183654785,
    1.421616792678833
  ],
  "focal_length": 1179.67529296875,
  "principal_point": [
    959.1878662109375,
    526.7432861328125
  ],
  "skew": 0.0,
  "pixel_aspect_ratio": 1.0,
  "radial_distortion": [
    -0.06811776012182236,
    0.10191366821527481,
    0.0
  ],
  "tangential_distortion": [
    -0.002756558358669281,
    0.007659177295863628
  ],
  "image_size": [
    1920,
    1080
  ]
}