{
  "orientation": [
    [
      0.7766101956367493,
      -0.5449966192245483,
      0.315998911857605
    ],
    [
      0.47975489497184753,
      0.8367328643798828,
      0.2640328109264374
    ],
    [
      -0.4083036780357361,
      -0.05344855412840843,
      0.91128009557724
    ]
  ],
  "position": [
    1.1348536014556885,
    1.4853808879852295,
    0.1953817903995514
  ],
  "focal_length": 1179.67529296875,
  "principal_point": [
    959.1878662109375,
    526.7432861328125
  ],
  "skew": 0.0,
  "pixel_aspect_ratio": 1.0,
  "radial_distortion": [
    -0.06811776012182236,
    0.10191366821527481,
    0.0
  ],
  "tangential_distortion": [
    -0.002756558358669281,
    0.007659177295863628
  ],
  "image_size": [
    1920,
    1080
  ]
}