{
  "orientation": [
    [
      0.5291345119476318,
      -0.7875109910964966,
      0.31597965955734253
    ],
    [
      0.7042194604873657,
      0.615301251411438,
      0.3542305529117584
    ],
    [
      -0.4733830988407135,
      0.03508342057466507,
      0.8801577091217041
    ]
  ],
  "position": [
    2.018874406814575,
    0.49269750714302063,
    1.3679900169372559
  ],
  "focal_length": 1179.67529296875,
  "principal_point": [
    959.1878662109375,
    526.7432861328125
  ],
  "skew": 0.0,
  "pixel_aspect_ratio": 1.0,
  "radial_distortion": [
    -0.06811776012182236,
    0.10191366821527481,
    0.0
  ],
  "tangential_distortion": [
    -0.002756558358669281,
    0.007659177295863628
  ],
  "image_size": [
    1920,
    1080
  ]
}