{
  "orientation": [
    [
      0.3606928288936615,
      -0.8485131859779358,
      0.3872029185295105
    ],
    [
      0.6939669251441956,
      0.52152419090271,
      0.49640953540802
    ],
    [
      -0.6231456995010376,
      0.08965465426445007,
      0.7769501209259033
    ]
  ],
  "position": [
    3.490327835083008,
    -1.4898366928100586,
    0.7741191387176514
  ],
  "focal_length": 1179.67529296875,
  "principal_point": [
    959.1878662109375,
    526.7432861328125
  ],
  "skew": 0.0,
  "pixel_aspect_ratio": 1.0,
  "radial_distortion": [
    -0.06811776012182236,
    0.10191366821527481,
    0.0
  ],
  "tangential_distortion": [
    -0.002756558358669281,
    0.007659177295863628
  ],
  "image_size": [
    1920,
    1080
  ]
}