{
  "orientation": [
    [
      -0.033502861857414246,
      -0.9139231443405151,
      0.40450218319892883
    ],
    [
      0.7587849497795105,
      0.24015647172927856,
      0.605450451374054
    ],
    [
      -0.6504790186882019,
      0.32721447944641113,
      0.6854252219200134
    ]
  ],
  "position": [
    3.582733392715454,
    -2.558518648147583,
    1.4524714946746826
  ],
  "focal_length": 1179.67529296875,
  "principal_point": [
    959.1878662109375,
    526.7432861328125
  ],
  "skew": 0.0,
  "pixel_aspect_ratio": 1.0,
  "radial_distortion": [
    -0.06811776012182236,
    0.10191366821527481,
    0.0
  ],
  "tangential_distortion": [
    -0.002756558358669281,
    0.007659177295863628
  ],
  "image_size": [
    1920,
    1080
  ]
}