{
  "orientation": [
    [
      0.2531367242336273,
      -0.8963438868522644,
      0.36399102210998535
    ],
    [
      0.8141095638275146,
      0.4006252884864807,
      0.42038676142692566
    ],
    [
      -0.5226351022720337,
      0.18991324305534363,
      0.831135094165802
    ]
  ],
  "position": [
    2.8245654106140137,
    -1.4484692811965942,
    1.5371983051300049
  ],
  "focal_length": 1179.67529296875,
  "principal_point": [
    959.1878662109375,
    526.7432861328125
  ],
  "skew": 0.0,
  "pixel_aspect_ratio": 1.0,
  "radial_distortion": [
    -0.06811776012182236,
    0.10191366821527481,
    0.0
  ],
  "tangential_distortion": [
    -0.002756558358669281,
    0.007659177295863628
  ],
  "image_size": [
    1920,
    1080
  ]
}