{
  "orientation": [
    [
      0.7241085767745972,
      -0.6448523998260498,
      0.24460604786872864
    ],
    [
      0.5634501576423645,
      0.7576456069946289,
      0.32938888669013977
    ],
    [
      -0.3977319300174713,
      -0.10068998485803604,
      0.9119598865509033
    ]
  ],
  "position": [
    0.4228995442390442,
    1.577734351158142,
    -0.39276716113090515
  ],
  "focal_length": 1179.67529296875,
  "principal_point": [
    959.1878662109375,
    526.7432861328125
  ],
  "skew": 0.0,
  "pixel_aspect_ratio": 1.0,
  "radial_distortion": [
    -0.06811776012182236,
    0.10191366821527481,
    0.0
  ],
  "tangential_distortion": [
    -0.002756558358669281,
    0.007659177295863628
  ],
  "image_size": [
    1920,
    1080
  ]
}