{
  "orientation": [
    [
      0.9090152978897095,
      -0.40262147784233093,
      0.10764353722333908
    ],
    [
      0.3701328635215759,
      0.8986300230026245,
      0.23551158607006073
    ],
    [
      -0.1915537267923355,
      -0.17424121499061584,
      0.9658918976783752
    ]
  ],
  "position": [
    -1.8520396947860718,
    2.855956792831421,
    -0.987707793712616
  ],
  "focal_length": 1179.67529296875,
  "principal_point": [
    959.1878662109375,
    526.7432861328125
  ],
  "skew": 0.0,
  "pixel_aspect_ratio": 1.0,
  "radial_distortion": [
    -0.06811776012182236,
    0.10191366821527481,
    0.0
  ],
  "tangential_distortion": [
    -0.002756558358669281,
    0.007659177295863628
  ],
  "image_size": [
    1920,
    1080
  ]
}