{
  "orientation": [
    [
      0.9584607481956482,
      -0.2814723551273346,
      0.046112097799777985
    ],
    [
      0.26901036500930786,
      0.9458156228065491,
      0.18184126913547516
    ],
    [
      -0.09479682892560959,
      -0.16188308596611023,
      0.9822461009025574
    ]
  ],
  "position": [
    -2.733365297317505,
    3.2211410999298096,
    -1.018538475036621
  ],
  "focal_length": 1179.67529296875,
  "principal_point": [
    959.1878662109375,
    526.7432861328125
  ],
  "skew": 0.0,
  "pixel_aspect_ratio": 1.0,
  "radial_distortion": [
    -0.06811776012182236,
    0.10191366821527481,
    0.0
  ],
  "tangential_distortion": [
    -0.002756558358669281,
    0.007659177295863628
  ],
  "image_size": [
    1920,
    1080
  ]
}