{
  "orientation": [
    [
      0.6662803888320923,
      -0.6933947801589966,
      0.2743612229824066
    ],
    [
      0.6104602217674255,
      0.7184852957725525,
      0.33334246277809143
    ],
    [
      -0.4282624423503876,
      -0.05461294203996658,
      0.9020026326179504
    ]
  ],
  "position": [
    1.0516901016235352,
    1.2045772075653076,
    -0.029575170949101448
  ],
  "focal_length": 1179.67529296875,
  "principal_point": [
    959.1878662109375,
    526.7432861328125
  ],
  "skew": 0.0,
  "pixel_aspect_ratio": 1.0,
  "radial_distortion": [
    -0.06811776012182236,
    0.10191366821527481,
    0.0
  ],
  "tangential_distortion": [
    -0.002756558358669281,
    0.007659177295863628
  ],
  "image_size": [
    1920,
    1080
  ]
}