{
  "orientation": [
    [
      0.8512943983078003,
      -0.44494566321372986,
      0.2780669629573822
    ],
    [
      0.40114083886146545,
      0.8935346007347107,
      0.20169752836227417
    ],
    [
      -0.3382068872451782,
      -0.06015995889902115,
      0.939146876335144
    ]
  ],
  "position": [
    0.5041477084159851,
    1.8132048845291138,
    0.20072674751281738
  ],
  "focal_length": 1179.67529296875,
  "principal_point": [
    959.1878662109375,
    526.7432861328125
  ],
  "skew": 0.0,
  "pixel_aspect_ratio": 1.0,
  "radial_distortion": [
    -0.06811776012182236,
    0.10191366821527481,
    0.0
  ],
  "tangential_distortion": [
    -0.002756558358669281,
    0.007659177295863628
  ],
  "image_size": [
    1920,
    1080
  ]
}