{
  "orientation": [
    [
      0.195018008351326,
      -0.8947262167930603,
      0.4017871916294098
    ],
    [
      0.7311583161354065,
      0.4056708514690399,
      0.548487663269043
    ],
    [
      -0.6537396311759949,
      0.18680506944656372,
      0.7332996129989624
    ]
  ],
  "position": [
    3.21734619140625,
    -2.154752492904663,
    1.2181659936904907
  ],
  "focal_length": 1179.67529296875,
  "principal_point": [
    959.1878662109375,
    526.7432861328125
  ],
  "skew": 0.0,
  "pixel_aspect_ratio": 1.0,
  "radial_distortion": [
    -0.06811776012182236,
    0.10191366821527481,
    0.0
  ],
  "tangential_distortion": [
    -0.002756558358669281,
    0.007659177295863628
  ],
  "image_size": [
    1920,
    1080
  ]
}