{
  "orientation": [
    [
      0.9689967036247253,
      -0.24506348371505737,
      0.03145186975598335
    ],
    [
      0.23668795824050903,
      0.9572332501411438,
      0.16638317704200745
    ],
    [
      -0.07088121771812439,
      -0.1537804752588272,
      0.9855594635009766
    ]
  ],
  "position": [
    -2.9540457725524902,
    3.298382520675659,
    -1.0997514724731445
  ],
  "focal_length": 1179.67529296875,
  "principal_point": [
    959.1878662109375,
    526.7432861328125
  ],
  "skew": 0.0,
  "pixel_aspect_ratio": 1.0,
  "radial_distortion": [
    -0.06811776012182236,
    0.10191366821527481,
    0.0
  ],
  "tangential_distortion": [
    -0.002756558358669281,
    0.007659177295863628
  ],
  "image_size": [
    1920,
    1080
  ]
}