{
  "orientation": [
    [
      0.13938802480697632,
      -0.9037736058235168,
      0.40467795729637146
    ],
    [
      0.7378557324409485,
      0.367341548204422,
      0.5662412047386169
    ],
    [
      -0.6604089140892029,
      0.21966670453548431,
      0.7180575132369995
    ]
  ],
  "position": [
    3.232480525970459,
    -2.283156633377075,
    1.349125623703003
  ],
  "focal_length": 1179.67529296875,
  "principal_point": [
    959.1878662109375,
    526.7432861328125
  ],
  "skew": 0.0,
  "pixel_aspect_ratio": 1.0,
  "radial_distortion": [
    -0.06811776012182236,
    0.10191366821527481,
    0.0
  ],
  "tangential_distortion": [
    -0.002756558358669281,
    0.007659177295863628
  ],
  "image_size": [
    1920,
    1080
  ]
}