{
  "orientation": [
    [
      0.03602595254778862,
      -0.9126131534576416,
      0.4072338342666626
    ],
    [
      0.7468562126159668,
      0.2953451871871948,
      0.595799446105957
    ],
    [
      -0.6640089750289917,
      0.282680869102478,
      0.6922308802604675
    ]
  ],
  "position": [
    3.3969473838806152,
    -2.62031626701355,
    1.3758413791656494
  ],
  "focal_length": 1179.67529296875,
  "principal_point": [
    959.1878662109375,
    526.7432861328125
  ],
  "skew": 0.0,
  "pixel_aspect_ratio": 1.0,
  "radial_distortion": [
    -0.06811776012182236,
    0.10191366821527481,
    0.0
  ],
  "tangential_distortion": [
    -0.002756558358669281,
    0.007659177295863628
  ],
  "image_size": [
    1920,
    1080
  ]
}