{
  "orientation": [
    [
      0.10353595018386841,
      -0.9179604649543762,
      0.38292157649993896
    ],
    [
      0.823827862739563,
      0.2948628067970276,
      0.48411116003990173
    ],
    [
      -0.5573042035102844,
      0.2653385400772095,
      0.7867702841758728
    ]
  ],
  "position": [
    2.8926970958709717,
    -1.8693742752075195,
    1.6105785369873047
  ],
  "focal_length": 1179.67529296875,
  "principal_point": [
    959.1878662109375,
    526.7432861328125
  ],
  "skew": 0.0,
  "pixel_aspect_ratio": 1.0,
  "radial_distortion": [
    -0.06811776012182236,
    0.10191366821527481,
    0.0
  ],
  "tangential_distortion": [
    -0.002756558358669281,
    0.007659177295863628
  ],
  "image_size": [
    1920,
    1080
  ]
}