{
  "orientation": [
    [
      0.9771150350570679,
      -0.21246208250522614,
      0.010300910100340843
    ],
    [
      0.20831657946109772,
      0.9655963778495789,
      0.1556529551744461
    ],
    [
      -0.04301687330007553,
      -0.1499449908733368,
      0.9877581000328064
    ]
  ],
  "position": [
    -3.241384267807007,
    3.315429925918579,
    -1.2193360328674316
  ],
  "focal_length": 1179.67529296875,
  "principal_point": [
    959.1878662109375,
    526.7432861328125
  ],
  "skew": 0.0,
  "pixel_aspect_ratio": 1.0,
  "radial_distortion": [
    -0.06811776012182236,
    0.10191366821527481,
    0.0
  ],
  "tangential_distortion": [
    -0.002756558358669281,
    0.007659177295863628
  ],
  "image_size": [
    1920,
    1080
  ]
}