{
  "orientation": [
    [
      0.9988186359405518,
      -0.03587858006358147,
      0.032773375511169434
    ],
    [
      0.034651391208171844,
      0.9987040758132935,
      0.037275075912475586
    ],
    [
      -0.034068282693624496,
      -0.03609539940953255,
      0.9987674951553345
    ]
  ],
  "position": [
    -2.325662136077881,
    2.7935781478881836,
    -0.29217028617858887
  ],
  "focal_length": 1179.67529296875,
  "principal_point": [
    959.1878662109375,
    526.7432861328125
  ],
  "skew": 0.0,
  "pixel_aspect_ratio": 1.0,
  "radial_distortion": [
    -0.06811776012182236,
    0.10191366821527481,
    0.0
  ],
  "tangential_distortion": [
    -0.002756558358669281,
    0.007659177295863628
  ],
  "image_size": [
    1920,
    1080
  ]
}