{
  "orientation": [
    [
      0.9499294757843018,
      -0.2594738006591797,
      0.17409010231494904
    ],
    [
      0.24160365760326385,
      0.9632513523101807,
      0.11736484616994858
    ],
    [
      -0.19814562797546387,
      -0.06942752003669739,
      0.9777106642723083
    ]
  ],
  "position": [
    -0.4880598783493042,
    2.339484214782715,
    0.09462597221136093
  ],
  "focal_length": 1179.67529296875,
  "principal_point": [
    959.1878662109375,
    526.7432861328125
  ],
  "skew": 0.0,
  "pixel_aspect_ratio": 1.0,
  "radial_distortion": [
    -0.06811776012182236,
    0.10191366821527481,
    0.0
  ],
  "tangential_distortion": [
    -0.002756558358669281,
    0.007659177295863628
  ],
  "image_size": [
    1920,
    1080
  ]
}