{
  "orientation": [
    [
      0.919426679611206,
      -0.3281541168689728,
      0.2167244255542755
    ],
    [
      0.30209964513778687,
      0.9421851634979248,
      0.14499273896217346
    ],
    [
      -0.25177448987960815,
      -0.06783782690763474,
      0.9654054045677185
    ]
  ],
  "position": [
    -0.059157438576221466,
    2.0711450576782227,
    0.20280960202217102
  ],
  "focal_length": 1179.67529296875,
  "principal_point": [
    959.1878662109375,
    526.7432861328125
  ],
  "skew": 0.0,
  "pixel_aspect_ratio": 1.0,
  "radial_distortion": [
    -0.06811776012182236,
    0.10191366821527481,
    0.0
  ],
  "tangential_distortion": [
    -0.002756558358669281,
    0.007659177295863628
  ],
  "image_size": [
    1920,
    1080
  ]
}