{
  "orientation": [
    [
      0.44982558488845825,
      -0.8289010524749756,
      0.3325357139110565
    ],
    [
      0.7455030679702759,
      0.5535149574279785,
      0.3712766766548157
    ],
    [
      -0.49181511998176575,
      0.08089663833379745,
      0.8669334650039673
    ]
  ],
  "position": [
    2.3418242931365967,
    -0.0033995623234659433,
    1.7707525491714478
  ],
  "focal_length": 1179.67529296875,
  "principal_point": [
    959.1878662109375,
    526.7432861328125
  ],
  "skew": 0.0,
  "pixel_aspect_ratio": 1.0,
  "radial_distortion": [
    -0.06811776012182236,
    0.10191366821527481,
    0.0
  ],
  "tangential_distortion": [
    -0.002756558358669281,
    0.007659177295863628
  ],
  "image_size": [
    1920,
    1080
  ]
}