{
  "orientation": [
    [
      0.8988842368125916,
      -0.3659191131591797,
      0.24106073379516602
    ],
    [
      0.33374306559562683,
      0.9282028079032898,
      0.16448450088500977
    ],
    [
      -0.28394126892089844,
      -0.06740018725395203,
      0.9564698338508606
    ]
  ],
  "position": [
    0.16244396567344666,
    1.9423879384994507,
    0.22365811467170715
  ],
  "focal_length": 1179.67529296875,
  "principal_point": [
    959.1878662109375,
    526.7432861328125
  ],
  "skew": 0.0,
  "pixel_aspect_ratio": 1.0,
  "radial_distortion": [
    -0.06811776012182236,
    0.10191366821527481,
    0.0
  ],
  "tangential_distortion": [
    -0.002756558358669281,
    0.007659177295863628
  ],
  "image_size": [
    1920,
    1080
  ]
}