{
  "orientation": [
    [
      0.7933487296104431,
      -0.5263522267341614,
      0.305861234664917
    ],
    [
      0.46386754512786865,
      0.8480481505393982,
      0.2562054395675659
    ],
    [
      -0.3942393660545349,
      -0.06138116866350174,
      0.9169556498527527
    ]
  ],
  "position": [
    0.989495575428009,
    1.6735566854476929,
    0.2267441600561142
  ],
  "focal_length": 1179.67529296875,
  "principal_point": [
    959.1878662109375,
    526.7432861328125
  ],
  "skew": 0.0,
  "pixel_aspect_ratio": 1.0,
  "radial_distortion": [
    -0.06811776012182236,
    0.10191366821527481,
    0.0
  ],
  "tangential_distortion": [
    -0.002756558358669281,
    0.007659177295863628
  ],
  "image_size": [
    1920,
    1080
  ]
}