{
  "orientation": [
    [
      0.9363242983818054,
      -0.29345598816871643,
      0.19282227754592896
    ],
    [
      0.2711232304573059,
      0.9531617760658264,
      0.13407038152217865
    ],
    [
      -0.22313456237316132,
      -0.07325474917888641,
      0.9720312356948853
    ]
  ],
  "position": [
    -0.27137210965156555,
    2.262972831726074,
    0.14704979956150055
  ],
  "focal_length": 1179.67529296875,
  "principal_point": [
    959.1878662109375,
    526.7432861328125
  ],
  "skew": 0.0,
  "pixel_aspect_ratio": 1.0,
  "radial_distortion": [
    -0.06811776012182236,
    0.10191366821527481,
    0.0
  ],
  "tangential_distortion": [
    -0.002756558358669281,
    0.007659177295863628
  ],
  "image_size": [
    1920,
    1080
  ]
}