{
  "orientation": [
    [
      0.46502843499183655,
      -0.8211333155632019,
      0.3308906555175781
    ],
    [
      0.7389461994171143,
      0.565861701965332,
      0.36573079228401184
    ],
    [
      -0.48755210638046265,
      0.07443516701459885,
      0.8699151277542114
    ]
  ],
  "position": [
    2.2558231353759766,
    0.04189010336995125,
    1.724860668182373
  ],
  "focal_length": 1179.67529296875,
  "principal_point": [
    959.1878662109375,
    526.7432861328125
  ],
  "skew": 0.0,
  "pixel_aspect_ratio": 1.0,
  "radial_distortion": [
    -0.06811776012182236,
    0.10191366821527481,
    0.0
  ],
  "tangential_distortion": [
    -0.002756558358669281,
    0.007659177295863628
  ],
  "image_size": [
    1920,
    1080
  ]
}