{
  "orientation": [
    [
      -0.05260882154107094,
      -0.913294792175293,
      0.40388724207878113
    ],
    [
      0.7736515402793884,
      0.21845659613609314,
      0.5947604775428772
    ],
    [
      -0.6314234733581543,
      0.34375765919685364,
      0.6950792074203491
    ]
  ],
  "position": [
    3.627932548522949,
    -2.3930602073669434,
    1.4846445322036743
  ],
  "focal_length": 1179.67529296875,
  "principal_point": [
    959.1878662109375,
    526.7432861328125
  ],
  "skew": 0.0,
  "pixel_aspect_ratio": 1.0,
  "radial_distortion": [
    -0.06811776012182236,
    0.10191366821527481,
    0.0
  ],
  "tangential_distortion": [
    -0.002756558358669281,
    0.007659177295863628
  ],
  "image_size": [
    1920,
    1080
  ]
}