{
  "orientation": [
    [
      0.19979077577590942,
      -0.9065659046173096,
      0.37178200483322144
    ],
    [
      0.8233099579811096,
      0.3610479235649109,
      0.4379556179046631
    ],
    [
      -0.5312667489051819,
      0.2185923308134079,
      0.8185188174247742
    ]
  ],
  "position": [
    2.8108880519866943,
    -1.7431877851486206,
    1.4759727716445923
  ],
  "focal_length": 1179.67529296875,
  "principal_point": [
    959.1878662109375,
    526.7432861328125
  ],
  "skew": 0.0,
  "pixel_aspect_ratio": 1.0,
  "radial_distortion": [
    -0.06811776012182236,
    0.10191366821527481,
    0.0
  ],
  "tangential_distortion": [
    -0.002756558358669281,
    0.007659177295863628
  ],
  "image_size": [
    1920,
    1080
  ]
}