{
  "orientation": [
    [
      0.41749700903892517,
      -0.8432928323745728,
      0.33845746517181396
    ],
    [
      0.7615806460380554,
      0.5279126167297363,
      0.3759031891822815
    ],
    [
      -0.49567243456840515,
      0.10082419961690903,
      0.8626374006271362
    ]
  ],
  "position": [
    2.4729058742523193,
    -0.11518651247024536,
    1.8319910764694214
  ],
  "focal_length": 1179.67529296875,
  "principal_point": [
    959.1878662109375,
    526.7432861328125
  ],
  "skew": 0.0,
  "pixel_aspect_ratio": 1.0,
  "radial_distortion": [
    -0.06811776012182236,
    0.10191366821527481,
    0.0
  ],
  "tangential_distortion": [
    -0.002756558358669281,
    0.007659177295863628
  ],
  "image_size": [
    1920,
    1080
  ]
}