{
  "orientation": [
    [
      0.5892717838287354,
      -0.7209693789482117,
      0.36463937163352966
    ],
    [
      0.6099387407302856,
      0.6929545998573303,
      0.3844328820705414
    ],
    [
      -0.5298429131507874,
      -0.004127767402678728,
      0.8480857610702515
    ]
  ],
  "position": [
    2.7339227199554443,
    -0.0028050807304680347,
    0.5385816693305969
  ],
  "focal_length": 1179.67529296875,
  "principal_point": [
    959.1878662109375,
    526.7432861328125
  ],
  "skew": 0.0,
  "pixel_aspect_ratio": 1.0,
  "radial_distortion": [
    -0.06811776012182236,
    0.10191366821527481,
    0.0
  ],
  "tangential_distortion": [
    -0.002756558358669281,
    0.007659177295863628
  ],
  "image_size": [
    1920,
    1080
  ]
}