{
  "orientation": [
    [
      0.7437024116516113,
      -0.5842879414558411,
      0.32482972741127014
    ],
    [
      0.5092687606811523,
      0.8099468350410461,
      0.29091477394104004
    ],
    [
      -0.4330728054046631,
      -0.05092838034033775,
      0.8999190330505371
    ]
  ],
  "position": [
    1.460993766784668,
    1.2942464351654053,
    0.13135100901126862
  ],
  "focal_length": 1179.67529296875,
  "principal_point": [
    959.1878662109375,
    526.7432861328125
  ],
  "skew": 0.0,
  "pixel_aspect_ratio": 1.0,
  "radial_distortion": [
    -0.06811776012182236,
    0.10191366821527481,
    0.0
  ],
  "tangential_distortion": [
    -0.002756558358669281,
    0.007659177295863628
  ],
  "image_size": [
    1920,
    1080
  ]
}