{
  "orientation": [
    [
      0.020347831770777702,
      -0.9169672727584839,
      0.39844316244125366
    ],
    [
      0.8134791254997253,
      0.24687068164348602,
      0.526599109172821
    ],
    [
      -0.5812380909919739,
      0.31341004371643066,
      0.7509570121765137
    ]
  ],
  "position": [
    3.3152294158935547,
    -2.149479389190674,
    1.480344533920288
  ],
  "focal_length": 1179.67529296875,
  "principal_point": [
    959.1878662109375,
    526.7432861328125
  ],
  "skew": 0.0,
  "pixel_aspect_ratio": 1.0,
  "radial_distortion": [
    -0.06811776012182236,
    0.10191366821527481,
    0.0
  ],
  "tangential_distortion": [
    -0.002756558358669281,
    0.007659177295863628
  ],
  "image_size": [
    1920,
    1080
  ]
}