{
  "orientation": [
    [
      0.008380690589547157,
      -0.916029691696167,
      0.40102294087409973
    ],
    [
      0.8095247745513916,
      0.24164250493049622,
      0.5350500345230103
    ],
    [
      -0.5870258808135986,
      0.3201539218425751,
      0.7435738444328308
    ]
  ],
  "position": [
    3.371763229370117,
    -2.207106828689575,
    1.5094159841537476
  ],
  "focal_length": 1179.67529296875,
  "principal_point": [
    959.1878662109375,
    526.7432861328125
  ],
  "skew": 0.0,
  "pixel_aspect_ratio": 1.0,
  "radial_distortion": [
    -0.06811776012182236,
    0.10191366821527481,
    0.0
  ],
  "tangential_distortion": [
    -0.002756558358669281,
    0.007659177295863628
  ],
  "image_size": [
    1920,
    1080
  ]
}