{
  "orientation": [
    [
      0.6692394614219666,
      -0.657611072063446,
      0.34592801332473755
    ],
    [
      0.5664198994636536,
      0.752819836139679,
      0.3353070616722107
    ],
    [
      -0.4809231162071228,
      -0.02846021205186844,
      0.8763007521629333
    ]
  ],
  "position": [
    2.1243703365325928,
    0.7184509038925171,
    0.23830121755599976
  ],
  "focal_length": 1179.67529296875,
  "principal_point": [
    959.1878662109375,
    526.7432861328125
  ],
  "skew": 0.0,
  "pixel_aspect_ratio": 1.0,
  "radial_distortion": [
    -0.06811776012182236,
    0.10191366821527481,
    0.0
  ],
  "tangential_distortion": [
    -0.002756558358669281,
    0.007659177295863628
  ],
  "image_size": [
    1920,
    1080
  ]
}