{
  "orientation": [
    [
      0.17824192345142365,
      -0.9001930356025696,
      0.39734408259391785
    ],
    [
      0.7311809659004211,
      0.3914000391960144,
      0.5587310791015625
    ],
    [
      -0.6584863066673279,
      0.19094112515449524,
      0.7279679179191589
    ]
  ],
  "position": [
    3.2464747428894043,
    -2.136712074279785,
    1.2606751918792725
  ],
  "focal_length": 1179.67529296875,
  "principal_point": [
    959.1878662109375,
    526.7432861328125
  ],
  "skew": 0.0,
  "pixel_aspect_ratio": 1.0,
  "radial_distortion": [
    -0.06811776012182236,
    0.10191366821527481,
    0.0
  ],
  "tangential_distortion": [
    -0.002756558358669281,
    0.007659177295863628
  ],
  "image_size": [
    1920,
    1080
  ]
}