{
  "orientation": [
    [
      0.9888893961906433,
      -0.12240525335073471,
      0.08434879779815674
    ],
    [
      0.11667519807815552,
      0.9907126426696777,
      0.06982390582561493
    ],
    [
      -0.092112235724926,
      -0.059206705540418625,
      0.9939868450164795
    ]
  ],
  "position": [
    -1.694385051727295,
    2.995697021484375,
    -0.33677661418914795
  ],
  "focal_length": 1179.67529296875,
  "principal_point": [
    959.1878662109375,
    526.7432861328125
  ],
  "skew": 0.0,
  "pixel_aspect_ratio": 1.0,
  "radial_distortion": [
    -0.06811776012182236,
    0.10191366821527481,
    0.0
  ],
  "tangential_distortion": [
    -0.002756558358669281,
    0.007659177295863628
  ],
  "image_size": [
    1920,
    1080
  ]
}