{
  "orientation": [
    [
      0.10072821378707886,
      -0.9079489707946777,
      0.4067953824996948
    ],
    [
      0.742510199546814,
      0.3407515585422516,
      0.5766862034797668
    ],
    [
      -0.6622177958488464,
      0.2439611554145813,
      0.7084846496582031
    ]
  ],
  "position": [
    3.252551794052124,
    -2.4440906047821045,
    1.352171778678894
  ],
  "focal_length": 1179.67529296875,
  "principal_point": [
    959.1878662109375,
    526.7432861328125
  ],
  "skew": 0.0,
  "pixel_aspect_ratio": 1.0,
  "radial_distortion": [
    -0.06811776012182236,
    0.10191366821527481,
    0.0
  ],
  "tangential_distortion": [
    -0.002756558358669281,
    0.007659177295863628
  ],
  "image_size": [
    1920,
    1080
  ]
}