{
  "orientation": [
    [
      0.2342585176229477,
      -0.8998855352401733,
      0.36787086725234985
    ],
    [
      0.8180678486824036,
      0.3869102895259857,
      0.4255177974700928
    ],
    [
      -0.5252503156661987,
      0.20126216113567352,
      0.8268044590950012
    ]
  ],
  "position": [
    2.8313093185424805,
    -1.5689388513565063,
    1.5277622938156128
  ],
  "focal_length": 1179.67529296875,
  "principal_point": [
    959.1878662109375,
    526.7432861328125
  ],
  "skew": 0.0,
  "pixel_aspect_ratio": 1.0,
  "radial_distortion": [
    -0.06811776012182236,
    0.10191366821527481,
    0.0
  ],
  "tangential_distortion": [
    -0.002756558358669281,
    0.007659177295863628
  ],
  "image_size": [
    1920,
    1080
  ]
}