{
  "orientation": [
    [
      0.8291249871253967,
      -0.529460608959198,
      0.1795080602169037
    ],
    [
      0.4681575298309326,
      0.8330475091934204,
      0.2947207987308502
    ],
    [
      -0.30558180809020996,
      -0.16032235324382782,
      0.9385715126991272
    ]
  ],
  "position": [
    -0.7527717351913452,
    2.3366122245788574,
    -0.7140986323356628
  ],
  "focal_length": 1179.67529296875,
  "principal_point": [
    959.1878662109375,
    526.7432861328125
  ],
  "skew": 0.0,
  "pixel_aspect_ratio": 1.0,
  "radial_distortion": [
    -0.06811776012182236,
    0.10191366821527481,
    0.0
  ],
  "tangential_distortion": [
    -0.002756558358669281,
    0.007659177295863628
  ],
  "image_size": [
    1920,
    1080
  ]
}