{
  "orientation": [
    [
      0.7437552213668823,
      -0.6255138516426086,
      0.23571300506591797
    ],
    [
      0.5480614304542542,
      0.7725135087966919,
      0.32070478796958923
    ],
    [
      -0.3826967477798462,
      -0.10934066027402878,
      0.9173809289932251
    ]
  ],
  "position": [
    0.15431801974773407,
    1.6495810747146606,
    -0.4903324842453003
  ],
  "focal_length": 1179.67529296875,
  "principal_point": [
    959.1878662109375,
    526.7432861328125
  ],
  "skew": 0.0,
  "pixel_aspect_ratio": 1.0,
  "radial_distortion": [
    -0.06811776012182236,
    0.10191366821527481,
    0.0
  ],
  "tangential_distortion": [
    -0.002756558358669281,
    0.007659177295863628
  ],
  "image_size": [
    1920,
    1080
  ]
}