{
  "orientation": [
    [
      0.9245725274085999,
      -0.3699084520339966,
      0.09128715097904205
    ],
    [
      0.3439157009124756,
      0.9133733510971069,
      0.21787859499454498
    ],
    [
      -0.16397438943386078,
      -0.1700494885444641,
      0.9716972708702087
    ]
  ],
  "position": [
    -2.089176893234253,
    2.9384584426879883,
    -0.9879703521728516
  ],
  "focal_length": 1179.67529296875,
  "principal_point": [
    959.1878662109375,
    526.7432861328125
  ],
  "skew": 0.0,
  "pixel_aspect_ratio": 1.0,
  "radial_distortion": [
    -0.06811776012182236,
    0.10191366821527481,
    0.0
  ],
  "tangential_distortion": [
    -0.002756558358669281,
    0.007659177295863628
  ],
  "image_size": [
    1920,
    1080
  ]
}