{
  "orientation": [
    [
      0.5465325713157654,
      -0.7500268816947937,
      0.3725074529647827
    ],
    [
      0.6275327801704407,
      0.6613433957099915,
      0.41088631749153137
    ],
    [
      -0.5545310974121094,
      0.009197870269417763,
      0.8321121335029602
    ]
  ],
  "position": [
    3.0359702110290527,
    -0.3208833634853363,
    0.6003052592277527
  ],
  "focal_length": 1179.67529296875,
  "principal_point": [
    959.1878662109375,
    526.7432861328125
  ],
  "skew": 0.0,
  "pixel_aspect_ratio": 1.0,
  "radial_distortion": [
    -0.06811776012182236,
    0.10191366821527481,
    0.0
  ],
  "tangential_distortion": [
    -0.002756558358669281,
    0.007659177295863628
  ],
  "image_size": [
    1920,
    1080
  ]
}