{
  "orientation": [
    [
      0.8762257099151611,
      -0.40619876980781555,
      0.25928959250450134
    ],
    [
      0.3677050769329071,
      0.91133713722229,
      0.18508794903755188
    ],
    [
      -0.3114827573299408,
      -0.06683670729398727,
      0.9478983879089355
    ]
  ],
  "position": [
    0.33121421933174133,
    1.8674137592315674,
    0.17370271682739258
  ],
  "focal_length": 1179.67529296875,
  "principal_point": [
    959.1878662109375,
    526.7432861328125
  ],
  "skew": 0.0,
  "pixel_aspect_ratio": 1.0,
  "radial_distortion": [
    -0.06811776012182236,
    0.10191366821527481,
    0.0
  ],
  "tangential_distortion": [
    -0.002756558358669281,
    0.007659177295863628
  ],
  "image_size": [
    1920,
    1080
  ]
}