{
  "orientation": [
    [
      0.4856986403465271,
      -0.787277340888977,
      0.37985682487487793
    ],
    [
      0.6527746915817261,
      0.6156838536262512,
      0.4413825273513794
    ],
    [
      -0.5813621878623962,
      0.033582039177417755,
      0.8129515647888184
    ]
  ],
  "position": [
    3.330139636993408,
    -0.8006198406219482,
    0.6183401942253113
  ],
  "focal_length": 1179.67529296875,
  "principal_point": [
    959.1878662109375,
    526.7432861328125
  ],
  "skew": 0.0,
  "pixel_aspect_ratio": 1.0,
  "radial_distortion": [
    -0.06811776012182236,
    0.10191366821527481,
    0.0
  ],
  "tangential_distortion": [
    -0.002756558358669281,
    0.007659177295863628
  ],
  "image_size": [
    1920,
    1080
  ]
}