{
  "orientation": [
    [
      0.9755470156669617,
      -0.18024741113185883,
      0.1257733702659607
    ],
    [
      0.16978669166564941,
      0.9814052581787109,
      0.08953303098678589
    ],
    [
      -0.13957275450229645,
      -0.06598903238773346,
      0.988010585308075
    ]
  ],
  "position": [
    -1.0920252799987793,
    2.7400729656219482,
    -0.21496036648750305
  ],
  "focal_length": 1179.67529296875,
  "principal_point": [
    959.1878662109375,
    526.7432861328125
  ],
  "skew": 0.0,
  "pixel_aspect_ratio": 1.0,
  "radial_distortion": [
    -0.06811776012182236,
    0.10191366821527481,
    0.0
  ],
  "tangential_distortion": [
    -0.002756558358669281,
    0.007659177295863628
  ],
  "image_size": [
    1920,
    1080
  ]
}