{
  "orientation": [
    [
      0.6784639954566956,
      -0.68348228931427,
      0.26932984590530396
    ],
    [
      0.601078987121582,
      0.7272484302520752,
      0.33138158917427063
    ],
    [
      -0.42236313223838806,
      -0.06294196099042892,
      0.904238760471344
    ]
  ],
  "position": [
    0.9199461936950684,
    1.2793563604354858,
    -0.10596500337123871
  ],
  "focal_length": 1179.67529296875,
  "principal_point": [
    959.1878662109375,
    526.7432861328125
  ],
  "skew": 0.0,
  "pixel_aspect_ratio": 1.0,
  "radial_distortion": [
    -0.06811776012182236,
    0.10191366821527481,
    0.0
  ],
  "tangential_distortion": [
    -0.002756558358669281,
    0.007659177295863628
  ],
  "image_size": [
    1920,
    1080
  ]
}