{
  "orientation": [
    [
      0.4437331557273865,
      -0.811103105545044,
      0.3810677230358124
    ],
    [
      0.6699578166007996,
      0.5826621055603027,
      0.46006667613983154
    ],
    [
      -0.5951952338218689,
      0.051152464002370834,
      0.8019514083862305
    ]
  ],
  "position": [
    3.431330442428589,
    -1.076934576034546,
    0.6157175898551941
  ],
  "focal_length": 1179.67529296875,
  "principal_point": [
    959.1878662109375,
    526.7432861328125
  ],
  "skew": 0.0,
  "pixel_aspect_ratio": 1.0,
  "radial_distortion": [
    -0.06811776012182236,
    0.10191366821527481,
    0.0
  ],
  "tangential_distortion": [
    -0.002756558358669281,
    0.007659177295863628
  ],
  "image_size": [
    1920,
    1080
  ]
}