{
  "orientation": [
    [
      0.8574435710906982,
      -0.4898051619529724,
      0.15773850679397583
    ],
    [
      0.43744516372680664,
      0.8552531599998474,
      0.2778197228908539
    ],
    [
      -0.27098390460014343,
      -0.16921277344226837,
      0.9475942254066467
    ]
  ],
  "position": [
    -1.087717056274414,
    2.5053658485412598,
    -0.824055016040802
  ],
  "focal_length": 1179.67529296875,
  "principal_point": [
    959.1878662109375,
    526.7432861328125
  ],
  "skew": 0.0,
  "pixel_aspect_ratio": 1.0,
  "radial_distortion": [
    -0.06811776012182236,
    0.10191366821527481,
    0.0
  ],
  "tangential_distortion": [
    -0.002756558358669281,
    0.007659177295863628
  ],
  "image_size": [
    1920,
    1080
  ]
}