{
  "orientation": [
    [
      -0.048293326050043106,
      -0.9137599468231201,
      0.4033738672733307
    ],
    [
      0.7807865738868713,
      0.21732506155967712,
      0.5857834219932556
    ],
    [
      -0.6229286789894104,
      0.34323832392692566,
      0.7029561400413513
    ]
  ],
  "position": [
    3.6612675189971924,
    -2.344879388809204,
    1.4918346405029297
  ],
  "focal_length": 1179.67529296875,
  "principal_point": [
    959.1878662109375,
    526.7432861328125
  ],
  "skew": 0.0,
  "pixel_aspect_ratio": 1.0,
  "radial_distortion": [
    -0.06811776012182236,
    0.10191366821527481,
    0.0
  ],
  "tangential_distortion": [
    -0.002756558358669281,
    0.007659177295863628
  ],
  "image_size": [
    1920,
    1080
  ]
}