{
  "orientation": [
    [
      0.073166623711586,
      -0.9167793393135071,
      0.3926350176334381
    ],
    [
      0.8209474086761475,
      0.27890825271606445,
      0.4982525110244751
    ],
    [
      -0.5662967562675476,
      0.2858772277832031,
      0.773034393787384
    ]
  ],
  "position": [
    3.013301372528076,
    -1.947435975074768,
    1.6497013568878174
  ],
  "focal_length": 1179.67529296875,
  "principal_point": [
    959.1878662109375,
    526.7432861328125
  ],
  "skew": 0.0,
  "pixel_aspect_ratio": 1.0,
  "radial_distortion": [
    -0.06811776012182236,
    0.10191366821527481,
    0.0
  ],
  "tangential_distortion": [
    -0.002756558358669281,
    0.007659177295863628
  ],
  "image_size": [
    1920,
    1080
  ]
}