{
  "orientation": [
    [
      0.9827321767807007,
      -0.15097244083881378,
      0.10698056221008301
    ],
    [
      0.14288777112960815,
      0.986530601978302,
      0.07962687313556671
    ],
    [
      -0.11756105720996857,
      -0.06296567618846893,
      0.9910674691200256
    ]
  ],
  "position": [
    -1.366600513458252,
    2.890505790710449,
    -0.3021547198295593
  ],
  "focal_length": 1179.67529296875,
  "principal_point": [
    959.1878662109375,
    526.7432861328125
  ],
  "skew": 0.0,
  "pixel_aspect_ratio": 1.0,
  "radial_distortion": [
    -0.06811776012182236,
    0.10191366821527481,
    0.0
  ],
  "tangential_distortion": [
    -0.002756558358669281,
    0.007659177295863628
  ],
  "image_size": [
    1920,
    1080
  ]
}