{
  "orientation": [
    [
      0.6836391091346741,
      -0.6610019207000732,
      0.3093767762184143
    ],
    [
      0.6057099103927612,
      0.7503567934036255,
      0.26472657918930054
    ],
    [
      -0.4071277379989624,
      0.006415145471692085,
      0.9133486747741699
    ]
  ],
  "position": [
    1.2708008289337158,
    -1.4530526399612427,
    0.9893118739128113
  ],
  "focal_length": 1179.67529296875,
  "principal_point": [
    959.1878662109375,
    526.7432861328125
  ],
  "skew": 0.0,
  "pixel_aspect_ratio": 1.0,
  "radial_distortion": [
    -0.06811776012182236,
    0.10191366821527481,
    0.0
  ],
  "tangential_distortion": [
    -0.002756558358669281,
    0.007659177295863628
  ],
  "image_size": [
    1920,
    1080
  ]
}