{
  "orientation": [
    [
      0.9950365424156189,
      0.09083827584981918,
      -0.04062793776392937
    ],
    [
      -0.09238449484109879,
      0.994999885559082,
      -0.037951208651065826
    ],
    [
      0.036977369338274,
      0.04151623323559761,
      0.9984533190727234
    ]
  ],
  "position": [
    -3.983774423599243,
    1.286155343055725,
    -1.166079044342041
  ],
  "focal_length": 1179.67529296875,
  "principal_point": [
    959.1878662109375,
    526.7432861328125
  ],
  "skew": 0.0,
  "pixel_aspect_ratio": 1.0,
  "radial_distortion": [
    -0.06811776012182236,
    0.10191366821527481,
    0.0
  ],
  "tangential_distortion": [
    -0.002756558358669281,
    0.007659177295863628
  ],
  "image_size": [
    1920,
    1080
  ]
}