{
  "orientation": [
    [
      0.15418684482574463,
      -0.8901869058609009,
      0.4287116527557373
    ],
    [
      0.9766095876693726,
      0.20312340557575226,
      0.070530965924263
    ],
    [
      -0.14986711740493774,
      0.40780895948410034,
      0.9006839990615845
    ]
  ],
  "position": [
    0.08016466349363327,
    -5.148401260375977,
    -0.18714992702007294
  ],
  "focal_length": 1179.67529296875,
  "principal_point": [
    959.1878662109375,
    526.7432861328125
  ],
  "skew": 0.0,
  "pixel_aspect_ratio": 1.0,
  "radial_distortion": [
    -0.06811776012182236,
    0.10191366821527481,
    0.0
  ],
  "tangential_distortion": [
    -0.002756558358669281,
    0.007659177295863628
  ],
  "image_size": [
    1920,
    1080
  ]
}