{
  "orientation": [
    [
      0.9971800446510315,
      0.0696217343211174,
      -0.02801322005689144
    ],
    [
      -0.07009906321763992,
      0.9974046945571899,
      -0.0164329893887043
    ],
    [
      0.02679642289876938,
      0.018350349739193916,
      0.999472439289093
    ]
  ],
  "position": [
    -3.3777406215667725,
    1.8485004901885986,
    -0.4747650921344757
  ],
  "focal_length": 1179.67529296875,
  "principal_point": [
    959.1878662109375,
    526.7432861328125
  ],
  "skew": 0.0,
  "pixel_aspect_ratio": 1.0,
  "radial_distortion": [
    -0.06811776012182236,
    0.10191366821527481,
    0.0
  ],
  "tangential_distortion": [
    -0.002756558358669281,
    0.007659177295863628
  ],
  "image_size": [
    1920,
    1080
  ]
}