{
  "orientation": [
    [
      0.7954851388931274,
      -0.5515917539596558,
      0.2508982717990875
    ],
    [
      0.5189658999443054,
      0.8338921666145325,
      0.18787828087806702
    ],
    [
      -0.31285420060157776,
      -0.01924673095345497,
      0.9496061205863953
    ]
  ],
  "position": [
    1.3606311082839966,
    1.0309021472930908,
    1.1388448476791382
  ],
  "focal_length": 1179.67529296875,
  "principal_point": [
    959.1878662109375,
    526.7432861328125
  ],
  "skew": 0.0,
  "pixel_aspect_ratio": 1.0,
  "radial_distortion": [
    -0.06811776012182236,
    0.10191366821527481,
    0.0
  ],
  "tangential_distortion": [
    -0.002756558358669281,
    0.007659177295863628
  ],
  "image_size": [
    1920,
    1080
  ]
}