{
  "orientation": [
    [
      0.9798440337181091,
      -0.1992492377758026,
      0.014333438128232956
    ],
    [
      0.19783177971839905,
      0.9579088091850281,
      -0.20802226662635803
    ],
    [
      0.02771815098822117,
      0.20666497945785522,
      0.9780190587043762
    ]
  ],
  "position": [
    -3.3432703018188477,
    1.0915707349777222,
    -2.3548192977905273
  ],
  "focal_length": 1179.67529296875,
  "principal_point": [
    959.1878662109375,
    526.7432861328125
  ],
  "skew": 0.0,
  "pixel_aspect_ratio": 1.0,
  "radial_distortion": [
    -0.06811776012182236,
    0.10191366821527481,
    0.0
  ],
  "tangential_distortion": [
    -0.002756558358669281,
    0.007659177295863628
  ],
  "image_size": [
    1920,
    1080
  ]
}