{
  "orientation": [
    [
      0.5979216694831848,
      -0.7334411144256592,
      0.3233477771282196
    ],
    [
      0.6743515729904175,
      0.6783509850502014,
      0.2917017638683319
    ],
    [
      -0.4332893490791321,
      0.04363527521491051,
      0.9001979231834412
    ]
  ],
  "position": [
    1.2609999179840088,
    -2.023632764816284,
    1.0624306201934814
  ],
  "focal_length": 1179.67529296875,
  "principal_point": [
    959.1878662109375,
    526.7432861328125
  ],
  "skew": 0.0,
  "pixel_aspect_ratio": 1.0,
  "radial_distortion": [
    -0.06811776012182236,
    0.10191366821527481,
    0.0
  ],
  "tangential_distortion": [
    -0.002756558358669281,
    0.007659177295863628
  ],
  "image_size": [
    1920,
    1080
  ]
}