{
  "orientation": [
    [
      0.950523316860199,
      -0.30803778767585754,
      0.040226150304079056
    ],
    [
      0.30925819277763367,
      0.9260303974151611,
      -0.216395765542984
    ],
    [
      0.02940743789076805,
      0.2181294858455658,
      0.9754766821861267
    ]
  ],
  "position": [
    -2.633258104324341,
    1.309458613395691,
    -2.1028525829315186
  ],
  "focal_length": 1179.67529296875,
  "principal_point": [
    959.1878662109375,
    526.7432861328125
  ],
  "skew": 0.0,
  "pixel_aspect_ratio": 1.0,
  "radial_distortion": [
    -0.06811776012182236,
    0.10191366821527481,
    0.0
  ],
  "tangential_distortion": [
    -0.002756558358669281,
    0.007659177295863628
  ],
  "image_size": [
    1920,
    1080
  ]
}