{
  "orientation": [
    [
      0.9985457062721252,
      0.05169500410556793,
      -0.015299406833946705
    ],
    [
      -0.051737867295742035,
      0.998657763004303,
      -0.0024190281983464956
    ],
    [
      0.01515381969511509,
      0.0032070688903331757,
      0.9998800158500671
    ]
  ],
  "position": [
    -3.0043222904205322,
    2.1372509002685547,
    -0.29861849546432495
  ],
  "focal_length": 1179.67529296875,
  "principal_point": [
    959.1878662109375,
    526.7432861328125
  ],
  "skew": 0.0,
  "pixel_aspect_ratio": 1.0,
  "radial_distortion": [
    -0.06811776012182236,
    0.10191366821527481,
    0.0
  ],
  "tangential_distortion": [
    -0.002756558358669281,
    0.007659177295863628
  ],
  "image_size": [
    1920,
    1080
  ]
}