{
  "orientation": [
    [
      0.9959421157836914,
      -0.08955810219049454,
      -0.008868367411196232
    ],
    [
      0.08635935187339783,
      0.9787742495536804,
      -0.18585757911205292
    ],
    [
      0.02532518096268177,
      0.1843375265598297,
      0.9825366735458374
    ]
  ],
  "position": [
    -4.067832946777344,
    0.7728991508483887,
    -1.892236590385437
  ],
  "focal_length": 1179.67529296875,
  "principal_point": [
    959.1878662109375,
    526.7432861328125
  ],
  "skew": 0.0,
  "pixel_aspect_ratio": 1.0,
  "radial_distortion": [
    -0.06811776012182236,
    0.10191366821527481,
    0.0
  ],
  "tangential_distortion": [
    -0.002756558358669281,
    0.007659177295863628
  ],
  "image_size": [
    1920,
    1080
  ]
}