{
  "orientation": [
    [
      0.7983880639076233,
      -0.5911445617675781,
      0.1145625188946724
    ],
    [
      0.6019940972328186,
      0.7793765664100647,
      -0.173710435628891
    ],
    [
      0.013400640338659286,
      0.20765431225299835,
      0.9781104922294617
    ]
  ],
  "position": [
    -1.1452863216400146,
    -2.2627112865448,
    -1.166534185409546
  ],
  "focal_length": 1179.67529296875,
  "principal_point": [
    959.1878662109375,
    526.7432861328125
  ],
  "skew": 0.0,
  "pixel_aspect_ratio": 1.0,
  "radial_distortion": [
    -0.06811776012182236,
    0.10191366821527481,
    0.0
  ],
  "tangential_distortion": [
    -0.002756558358669281,
    0.007659177295863628
  ],
  "image_size": [
    1920,
    1080
  ]
}