{
  "orientation": [
    [
      0.9743995070457458,
      -0.22388963401317596,
      0.0204713623970747
    ],
    [
      0.2234293520450592,
      0.9542090892791748,
      -0.19890791177749634
    ],
    [
      0.024999462068080902,
      0.1983896791934967,
      0.9798043370246887
    ]
  ],
  "position": [
    -3.0907390117645264,
    1.3893113136291504,
    -2.2070937156677246
  ],
  "focal_length": 1179.67529296875,
  "principal_point": [
    959.1878662109375,
    526.7432861328125
  ],
  "skew": 0.0,
  "pixel_aspect_ratio": 1.0,
  "radial_distortion": [
    -0.06811776012182236,
    0.10191366821527481,
    0.0
  ],
  "tangential_distortion": [
    -0.002756558358669281,
    0.007659177295863628
  ],
  "image_size": [
    1920,
    1080
  ]
}