{
  "orientation": [
    [
      0.9192414879798889,
      -0.3883085250854492,
      0.06489644944667816
    ],
    [
      0.39254358410835266,
      0.8914239406585693,
      -0.2264350801706314
    ],
    [
      0.03007642552256584,
      0.233623206615448,
      0.9718618988990784
    ]
  ],
  "position": [
    -1.94220769405365,
    0.1746637523174286,
    -1.9798550605773926
  ],
  "focal_length": 1179.67529296875,
  "principal_point": [
    959.1878662109375,
    526.7432861328125
  ],
  "skew": 0.0,
  "pixel_aspect_ratio": 1.0,
  "radial_distortion": [
    -0.06811776012182236,
    0.10191366821527481,
    0.0
  ],
  "tangential_distortion": [
    -0.002756558358669281,
    0.007659177295863628
  ],
  "image_size": [
    1920,
    1080
  ]
}