{
  "orientation": [
    [
      0.42433494329452515,
      -0.8381185531616211,
      0.3427785038948059
    ],
    [
      0.8872447609901428,
      0.46047544479370117,
      0.02755153179168701
    ],
    [
      -0.18093253672122955,
      0.292437344789505,
      0.9390121698379517
    ]
  ],
  "position": [
    -0.16836762428283691,
    -4.880557537078857,
    -0.12854710221290588
  ],
  "focal_length": 1179.67529296875,
  "principal_point": [
    959.1878662109375,
    526.7432861328125
  ],
  "skew": 0.0,
  "pixel_aspect_ratio": 1.0,
  "radial_distortion": [
    -0.06811776012182236,
    0.10191366821527481,
    0.0
  ],
  "tangential_distortion": [
    -0.002756558358669281,
    0.007659177295863628
  ],
  "image_size": [
    1920,
    1080
  ]
}