{
  "orientation": [
    [
      0.9945852160453796,
      0.09398847073316574,
      -0.04434489831328392
    ],
    [
      -0.0962766706943512,
      0.9939615726470947,
      -0.05264239385724068
    ],
    [
      0.0391293466091156,
      0.05662672594189644,
      0.9976283311843872
    ]
  ],
  "position": [
    -4.165772914886475,
    1.0677748918533325,
    -1.3020774126052856
  ],
  "focal_length": 1179.67529296875,
  "principal_point": [
    959.1878662109375,
    526.7432861328125
  ],
  "skew": 0.0,
  "pixel_aspect_ratio": 1.0,
  "radial_distortion": [
    -0.06811776012182236,
    0.10191366821527481,
    0.0
  ],
  "tangential_distortion": [
    -0.002756558358669281,
    0.007659177295863628
  ],
  "image_size": [
    1920,
    1080
  ]
}