{
  "orientation": [
    [
      0.9314899444580078,
      -0.3593675494194031,
      0.05640446022152901
    ],
    [
      0.3626810312271118,
      0.9055038690567017,
      -0.22028444707393646
    ],
    [
      0.028088627383112907,
      0.22564958035945892,
      0.9738035202026367
    ]
  ],
  "position": [
    -2.190512180328369,
    0.6661955714225769,
    -2.111823081970215
  ],
  "focal_length": 1179.67529296875,
  "principal_point": [
    959.1878662109375,
    526.7432861328125
  ],
  "skew": 0.0,
  "pixel_aspect_ratio": 1.0,
  "radial_distortion": [
    -0.06811776012182236,
    0.10191366821527481,
    0.0
  ],
  "tangential_distortion": [
    -0.002756558358669281,
    0.007659177295863628
  ],
  "image_size": [
    1920,
    1080
  ]
}