{
  "orientation": [
    [
      0.9041747450828552,
      -0.4230065643787384,
      0.05944320932030678
    ],
    [
      0.42527884244918823,
      0.8783730864524841,
      -0.21817101538181305
    ],
    [
      0.04007445648312569,
      0.22254465520381927,
      0.9740985035896301
    ]
  ],
  "position": [
    -1.81200110912323,
    -0.13190339505672455,
    -1.743282675743103
  ],
  "focal_length": 1179.67529296875,
  "principal_point": [
    959.1878662109375,
    526.7432861328125
  ],
  "skew": 0.0,
  "pixel_aspect_ratio": 1.0,
  "radial_distortion": [
    -0.06811776012182236,
    0.10191366821527481,
    0.0
  ],
  "tangential_distortion": [
    -0.002756558358669281,
    0.007659177295863628
  ],
  "image_size": [
    1920,
    1080
  ]
}