{
  "orientation": [
    [
      0.9946854710578918,
      0.09400061517953873,
      -0.04200884327292442
    ],
    [
      -0.09590937197208405,
      0.994326651096344,
      -0.045998502522706985
    ],
    [
      0.03744662553071976,
      0.04978308081626892,
      0.9980577826499939
    ]
  ],
  "position": [
    -4.081331253051758,
    1.1457712650299072,
    -1.3006587028503418
  ],
  "focal_length": 1179.67529296875,
  "principal_point": [
    959.1878662109375,
    526.7432861328125
  ],
  "skew": 0.0,
  "pixel_aspect_ratio": 1.0,
  "radial_distortion": [
    -0.06811776012182236,
    0.10191366821527481,
    0.0
  ],
  "tangential_distortion": [
    -0.002756558358669281,
    0.007659177295863628
  ],
  "image_size": [
    1920,
    1080
  ]
}