{
  "orientation": [
    [
      0.23825599253177643,
      -0.8712877631187439,
      0.42905914783477783
    ],
    [
      0.9436603784561157,
      0.31214678287506104,
      0.10986115038394928
    ],
    [
      -0.2296501100063324,
      0.3787110447883606,
      0.8965705633163452
    ]
  ],
  "position": [
    0.16072295606136322,
    -5.145991325378418,
    -0.055884987115859985
  ],
  "focal_length": 1179.67529296875,
  "principal_point": [
    959.1878662109375,
    526.7432861328125
  ],
  "skew": 0.0,
  "pixel_aspect_ratio": 1.0,
  "radial_distortion": [
    -0.06811776012182236,
    0.10191366821527481,
    0.0
  ],
  "tangential_distortion": [
    -0.002756558358669281,
    0.007659177295863628
  ],
  "image_size": [
    1920,
    1080
  ]
}