{
  "orientation": [
    [
      0.7781429886817932,
      -0.6162429451942444,
      0.12140057235956192
    ],
    [
      0.6280692219734192,
      0.7619882822036743,
      -0.1578063666820526
    ],
    [
      0.004741243086755276,
      0.1990438848733902,
      0.9799790978431702
    ]
  ],
  "position": [
    -1.075345754623413,
    -2.5403242111206055,
    -1.2195481061935425
  ],
  "focal_length": 1179.67529296875,
  "principal_point": [
    959.1878662109375,
    526.7432861328125
  ],
  "skew": 0.0,
  "pixel_aspect_ratio": 1.0,
  "radial_distortion": [
    -0.06811776012182236,
    0.10191366821527481,
    0.0
  ],
  "tangential_distortion": [
    -0.002756558358669281,
    0.007659177295863628
  ],
  "image_size": [
    1920,
    1080
  ]
}