{
  "orientation": [
    [
      0.9977943897247314,
      0.04631619527935982,
      -0.047551240772008896
    ],
    [
      -0.05173732712864876,
      0.9914305210113525,
      -0.1199532076716423
    ],
    [
      0.04158797487616539,
      0.12214881181716919,
      0.9916400909423828
    ]
  ],
  "position": [
    -4.607345104217529,
    0.58611661195755,
    -1.5872021913528442
  ],
  "focal_length": 1179.67529296875,
  "principal_point": [
    959.1878662109375,
    526.7432861328125
  ],
  "skew": 0.0,
  "pixel_aspect_ratio": 1.0,
  "radial_distortion": [
    -0.06811776012182236,
    0.10191366821527481,
    0.0
  ],
  "tangential_distortion": [
    -0.002756558358669281,
    0.007659177295863628
  ],
  "image_size": [
    1920,
    1080
  ]
}