{
  "orientation": [
    [
      0.9960461258888245,
      0.07411809265613556,
      -0.04897579923272133
    ],
    [
      -0.07848650217056274,
      0.9924460053443909,
      -0.0942908227443695
    ],
    [
      0.04161718115210533,
      0.09776195138692856,
      0.9943392872810364
    ]
  ],
  "position": [
    -4.55314302444458,
    0.7052405476570129,
    -1.3442124128341675
  ],
  "focal_length": 1179.67529296875,
  "principal_point": [
    959.1878662109375,
    526.7432861328125
  ],
  "skew": 0.0,
  "pixel_aspect_ratio": 1.0,
  "radial_distortion": [
    -0.06811776012182236,
    0.10191366821527481,
    0.0
  ],
  "tangential_distortion": [
    -0.002756558358669281,
    0.007659177295863628
  ],
  "image_size": [
    1920,
    1080
  ]
}