{
  "orientation": [
    [
      0.38758566975593567,
      -0.8454226851463318,
      0.3674749433994293
    ],
    [
      0.9019798636436462,
      0.43009069561958313,
      0.038135867565870285
    ],
    [
      -0.1902884691953659,
      0.31667405366897583,
      0.9292511940002441
    ]
  ],
  "position": [
    -0.2305728942155838,
    -5.0717082023620605,
    -0.10859502851963043
  ],
  "focal_length": 1179.67529296875,
  "principal_point": [
    959.1878662109375,
    526.7432861328125
  ],
  "skew": 0.0,
  "pixel_aspect_ratio": 1.0,
  "radial_distortion": [
    -0.06811776012182236,
    0.10191366821527481,
    0.0
  ],
  "tangential_distortion": [
    -0.002756558358669281,
    0.007659177295863628
  ],
  "image_size": [
    1920,
    1080
  ]
}