{
  "orientation": [
    [
      0.9946231842041016,
      0.09174280613660812,
      -0.048041798174381256
    ],
    [
      -0.09476171433925629,
      0.9933843612670898,
      -0.06486699730157852
    ],
    [
      0.04177289083600044,
      0.0690707415342331,
      0.9967368245124817
    ]
  ],
  "position": [
    -4.2531962394714355,
    0.9535869359970093,
    -1.2324943542480469
  ],
  "focal_length": 1179.67529296875,
  "principal_point": [
    959.1878662109375,
    526.7432861328125
  ],
  "skew": 0.0,
  "pixel_aspect_ratio": 1.0,
  "radial_distortion": [
    -0.06811776012182236,
    0.10191366821527481,
    0.0
  ],
  "tangential_distortion": [
    -0.002756558358669281,
    0.007659177295863628
  ],
  "image_size": [
    1920,
    1080
  ]
}