{
  "orientation": [
    [
      0.2998020648956299,
      -0.8628931641578674,
      0.40685880184173584
    ],
    [
      0.9275412559509277,
      0.3633962571620941,
      0.08723751455545425
    ],
    [
      -0.22312761843204498,
      0.3512243628501892,
      0.9093159437179565
    ]
  ],
  "position": [
    -0.13512930274009705,
    -5.368438720703125,
    -0.2966514527797699
  ],
  "focal_length": 1179.67529296875,
  "principal_point": [
    959.1878662109375,
    526.7432861328125
  ],
  "skew": 0.0,
  "pixel_aspect_ratio": 1.0,
  "radial_distortion": [
    -0.06811776012182236,
    0.10191366821527481,
    0.0
  ],
  "tangential_distortion": [
    -0.002756558358669281,
    0.007659177295863628
  ],
  "image_size": [
    1920,
    1080
  ]
}