{
  "orientation": [
    [
      0.759315550327301,
      -0.5914157032966614,
      0.2714173197746277
    ],
    [
      0.54664146900177,
      0.8060095310211182,
      0.2270059585571289
    ],
    [
      -0.3530198335647583,
      -0.024001197889447212,
      0.9353079199790955
    ]
  ],
  "position": [
    1.1370397806167603,
    -0.2693658471107483,
    0.9358857274055481
  ],
  "focal_length": 1179.67529296875,
  "principal_point": [
    959.1878662109375,
    526.7432861328125
  ],
  "skew": 0.0,
  "pixel_aspect_ratio": 1.0,
  "radial_distortion": [
    -0.06811776012182236,
    0.10191366821527481,
    0.0
  ],
  "tangential_distortion": [
    -0.002756558358669281,
    0.007659177295863628
  ],
  "image_size": [
    1920,
    1080
  ]
}