{
  "orientation": [
    [
      0.7284225225448608,
      -0.6686586141586304,
      0.14931942522525787
    ],
    [
      0.6847513318061829,
      0.7177487015724182,
      -0.12630271911621094
    ],
    [
      -0.02272043563425541,
      0.19424842298030853,
      0.9806892275810242
    ]
  ],
  "position": [
    -0.8088707327842712,
    -3.1694624423980713,
    -1.2368179559707642
  ],
  "focal_length": 1179.67529296875,
  "principal_point": [
    959.1878662109375,
    526.7432861328125
  ],
  "skew": 0.0,
  "pixel_aspect_ratio": 1.0,
  "radial_distortion": [
    -0.06811776012182236,
    0.10191366821527481,
    0.0
  ],
  "tangential_distortion": [
    -0.002756558358669281,
    0.007659177295863628
  ],
  "image_size": [
    1920,
    1080
  ]
}