{
  "orientation": [
    [
      0.9981086254119873,
      -0.056595150381326675,
      -0.024003859609365463
    ],
    [
      0.05151205137372017,
      0.9830620288848877,
      -0.17588508129119873
    ],
    [
      0.033551525324583054,
      0.1743159145116806,
      0.9841179847717285
    ]
  ],
  "position": [
    -4.293440818786621,
    0.6963549852371216,
    -1.7585241794586182
  ],
  "focal_length": 1179.67529296875,
  "principal_point": [
    959.1878662109375,
    526.7432861328125
  ],
  "skew": 0.0,
  "pixel_aspect_ratio": 1.0,
  "radial_distortion": [
    -0.06811776012182236,
    0.10191366821527481,
    0.0
  ],
  "tangential_distortion": [
    -0.002756558358669281,
    0.007659177295863628
  ],
  "image_size": [
    1920,
    1080
  ]
}