{
  "orientation": [
    [
      0.999286413192749,
      0.037343934178352356,
      -0.005662995390594006
    ],
    [
      -0.037311553955078125,
      0.9992873072624207,
      0.005719655193388462
    ],
    [
      0.005872553680092096,
      -0.005504278466105461,
      0.999967634677887
    ]
  ],
  "position": [
    -2.811723232269287,
    2.324768543243408,
    -0.2427704930305481
  ],
  "focal_length": 1179.67529296875,
  "principal_point": [
    959.1878662109375,
    526.7432861328125
  ],
  "skew": 0.0,
  "pixel_aspect_ratio": 1.0,
  "radial_distortion": [
    -0.06811776012182236,
    0.10191366821527481,
    0.0
  ],
  "tangential_distortion": [
    -0.002756558358669281,
    0.007659177295863628
  ],
  "image_size": [
    1920,
    1080
  ]
}