{
  "orientation": [
    [
      0.3483808934688568,
      -0.8601388931274414,
      0.3725477457046509
    ],
    [
      0.9146611094474792,
      0.3988668620586395,
      0.06557674705982208
    ],
    [
      -0.2050020694732666,
      0.31790924072265625,
      0.925693154335022
    ]
  ],
  "position": [
    -0.30017054080963135,
    -5.125728130340576,
    -0.27871719002723694
  ],
  "focal_length": 1179.67529296875,
  "principal_point": [
    959.1878662109375,
    526.7432861328125
  ],
  "skew": 0.0,
  "pixel_aspect_ratio": 1.0,
  "radial_distortion": [
    -0.06811776012182236,
    0.10191366821527481,
    0.0
  ],
  "tangential_distortion": [
    -0.002756558358669281,
    0.007659177295863628
  ],
  "image_size": [
    1920,
    1080
  ]
}