{
  "orientation": [
    [
      0.6563386917114258,
      -0.6830227971076965,
      0.32046738266944885
    ],
    [
      0.6252527236938477,
      0.7301371693611145,
      0.2756062150001526
    ],
    [
      -0.42223048210144043,
      0.019482070580124855,
      0.9062791466712952
    ]
  ],
  "position": [
    1.305026888847351,
    -1.7053970098495483,
    1.0367110967636108
  ],
  "focal_length": 1179.67529296875,
  "principal_point": [
    959.1878662109375,
    526.7432861328125
  ],
  "skew": 0.0,
  "pixel_aspect_ratio": 1.0,
  "radial_distortion": [
    -0.06811776012182236,
    0.10191366821527481,
    0.0
  ],
  "tangential_distortion": [
    -0.002756558358669281,
    0.007659177295863628
  ],
  "image_size": [
    1920,
    1080
  ]
}