{
  "orientation": [
    [
      0.8289129734039307,
      -0.5488142371177673,
      0.10819537937641144
    ],
    [
      0.5590112805366516,
      0.8057281970977783,
      -0.19572533667087555
    ],
    [
      0.0202407818287611,
      0.22272169589996338,
      0.9746719002723694
    ]
  ],
  "position": [
    -1.2018606662750244,
    -1.8902517557144165,
    -1.1662575006484985
  ],
  "focal_length": 1179.67529296875,
  "principal_point": [
    959.1878662109375,
    526.7432861328125
  ],
  "skew": 0.0,
  "pixel_aspect_ratio": 1.0,
  "radial_distortion": [
    -0.06811776012182236,
    0.10191366821527481,
    0.0
  ],
  "tangential_distortion": [
    -0.002756558358669281,
    0.007659177295863628
  ],
  "image_size": [
    1920,
    1080
  ]
}