{
  "orientation": [
    [
      0.5037142634391785,
      -0.8170182704925537,
      0.28062984347343445
    ],
    [
      0.8524865508079529,
      0.522680938243866,
      -0.008444471284747124
    ],
    [
      -0.13978058099746704,
      0.24348679184913635,
      0.959778904914856
    ]
  ],
  "position": [
    -0.29553481936454773,
    -4.61610746383667,
    -0.34965717792510986
  ],
  "focal_length": 1179.67529296875,
  "principal_point": [
    959.1878662109375,
    526.7432861328125
  ],
  "skew": 0.0,
  "pixel_aspect_ratio": 1.0,
  "radial_distortion": [
    -0.06811776012182236,
    0.10191366821527481,
    0.0
  ],
  "tangential_distortion": [
    -0.002756558358669281,
    0.007659177295863628
  ],
  "image_size": [
    1920,
    1080
  ]
}