{
  "orientation": [
    [
      0.7258504033088684,
      -0.6255183219909668,
      0.28612592816352844
    ],
    [
      0.5730215311050415,
      0.7799873948097229,
      0.251527339220047
    ],
    [
      -0.38050955533981323,
      -0.01861489936709404,
      0.9245896339416504
    ]
  ],
  "position": [
    1.1845061779022217,
    -0.8049375414848328,
    0.8738006353378296
  ],
  "focal_length": 1179.67529296875,
  "principal_point": [
    959.1878662109375,
    526.7432861328125
  ],
  "skew": 0.0,
  "pixel_aspect_ratio": 1.0,
  "radial_distortion": [
    -0.06811776012182236,
    0.10191366821527481,
    0.0
  ],
  "tangential_distortion": [
    -0.002756558358669281,
    0.007659177295863628
  ],
  "image_size": [
    1920,
    1080
  ]
}