{
  "orientation": [
    [
      0.8195520639419556,
      -0.563393771648407,
      0.10450782626867294
    ],
    [
      0.5727255344390869,
      0.7997202277183533,
      -0.18009167909622192
    ],
    [
      0.017885517328977585,
      0.207448810338974,
      0.9780823588371277
    ]
  ],
  "position": [
    -1.1855220794677734,
    -1.893871784210205,
    -1.1818124055862427
  ],
  "focal_length": 1179.67529296875,
  "principal_point": [
    959.1878662109375,
    526.7432861328125
  ],
  "skew": 0.0,
  "pixel_aspect_ratio": 1.0,
  "radial_distortion": [
    -0.06811776012182236,
    0.10191366821527481,
    0.0
  ],
  "tangential_distortion": [
    -0.002756558358669281,
    0.007659177295863628
  ],
  "image_size": [
    1920,
    1080
  ]
}