{
  "orientation": [
    [
      0.46230340003967285,
      -0.8282079100608826,
      0.31677624583244324
    ],
    [
      0.8724761605262756,
      0.4886382222175598,
      0.004247008357197046
    ],
    [
      -0.15830637514591217,
      0.2744162976741791,
      0.9484907984733582
    ]
  ],
  "position": [
    -0.2576873302459717,
    -4.8463239669799805,
    -0.2290368229150772
  ],
  "focal_length": 1179.67529296875,
  "principal_point": [
    959.1878662109375,
    526.7432861328125
  ],
  "skew": 0.0,
  "pixel_aspect_ratio": 1.0,
  "radial_distortion": [
    -0.06811776012182236,
    0.10191366821527481,
    0.0
  ],
  "tangential_distortion": [
    -0.002756558358669281,
    0.007659177295863628
  ],
  "image_size": [
    1920,
    1080
  ]
}