{
  "orientation": [
    [
      0.9921054840087891,
      -0.12528641521930695,
      -0.005474597215652466
    ],
    [
      0.12182937562465668,
      0.973243236541748,
      -0.1948208212852478
    ],
    [
      0.029736516997218132,
      0.1926158368587494,
      0.9808235764503479
    ]
  ],
  "position": [
    -3.9199771881103516,
    0.8774470090866089,
    -2.13588547706604
  ],
  "focal_length": 1179.67529296875,
  "principal_point": [
    959.1878662109375,
    526.7432861328125
  ],
  "skew": 0.0,
  "pixel_aspect_ratio": 1.0,
  "radial_distortion": [
    -0.06811776012182236,
    0.10191366821527481,
    0.0
  ],
  "tangential_distortion": [
    -0.002756558358669281,
    0.007659177295863628
  ],
  "image_size": [
    1920,
    1080
  ]
}