{
  "orientation": [
    [
      0.8681542873382568,
      -0.48808538913726807,
      0.08989344537258148
    ],
    [
      0.4956466555595398,
      0.8434285521507263,
      -0.20727437734603882
    ],
    [
      0.025348899886012077,
      0.22450152039527893,
      0.9741439819335938
    ]
  ],
  "position": [
    -1.308236837387085,
    -1.0770213603973389,
    -1.3907643556594849
  ],
  "focal_length": 1179.67529296875,
  "principal_point": [
    959.1878662109375,
    526.7432861328125
  ],
  "skew": 0.0,
  "pixel_aspect_ratio": 1.0,
  "radial_distortion": [
    -0.06811776012182236,
    0.10191366821527481,
    0.0
  ],
  "tangential_distortion": [
    -0.002756558358669281,
    0.007659177295863628
  ],
  "image_size": [
    1920,
    1080
  ]
}