{
  "orientation": [
    [
      0.9953009486198425,
      0.08388341218233109,
      -0.048369407653808594
    ],
    [
      -0.0877334251999855,
      0.992604672908783,
      -0.08389792591333389
    ],
    [
      0.040974054485559464,
      0.08774729818105698,
      0.9952996969223022
    ]
  ],
  "position": [
    -4.416647911071777,
    0.7637024521827698,
    -1.2171776294708252
  ],
  "focal_length": 1179.67529296875,
  "principal_point": [
    959.1878662109375,
    526.7432861328125
  ],
  "skew": 0.0,
  "pixel_aspect_ratio": 1.0,
  "radial_distortion": [
    -0.06811776012182236,
    0.10191366821527481,
    0.0
  ],
  "tangential_distortion": [
    -0.002756558358669281,
    0.007659177295863628
  ],
  "image_size": [
    1920,
    1080
  ]
}