{
  "orientation": [
    [
      0.9976304769515991,
      0.06393559277057648,
      -0.025409027934074402
    ],
    [
      -0.06421945244073868,
      0.9978803992271423,
      -0.010516502894461155
    ],
    [
      0.024682791903614998,
      0.01212333794683218,
      0.9996218085289001
    ]
  ],
  "position": [
    -3.267045736312866,
    1.9532835483551025,
    -0.4068845808506012
  ],
  "focal_length": 1179.67529296875,
  "principal_point": [
    959.1878662109375,
    526.7432861328125
  ],
  "skew": 0.0,
  "pixel_aspect_ratio": 1.0,
  "radial_distortion": [
    -0.06811776012182236,
    0.10191366821527481,
    0.0
  ],
  "tangential_distortion": [
    -0.002756558358669281,
    0.007659177295863628
  ],
  "image_size": [
    1920,
    1080
  ]
}