{
  "orientation": [
    [
      0.3321489989757538,
      -0.8611675500869751,
      0.3847953975200653
    ],
    [
      0.920369029045105,
      0.38517066836357117,
      0.06756013631820679
    ],
    [
      -0.20639249682426453,
      0.3317137360572815,
      0.9205260276794434
    ]
  ],
  "position": [
    -0.35171186923980713,
    -5.2928547859191895,
    -0.3097018301486969
  ],
  "focal_length": 1179.67529296875,
  "principal_point": [
    959.1878662109375,
    526.7432861328125
  ],
  "skew": 0.0,
  "pixel_aspect_ratio": 1.0,
  "radial_distortion": [
    -0.06811776012182236,
    0.10191366821527481,
    0.0
  ],
  "tangential_distortion": [
    -0.002756558358669281,
    0.007659177295863628
  ],
  "image_size": [
    1920,
    1080
  ]
}