{
  "orientation": [
    [
      0.20766109228134155,
      -0.8774118423461914,
      0.43246424198150635
    ],
    [
      0.9565766453742981,
      0.2745913565158844,
      0.0977790504693985
    ],
    [
      -0.20454344153404236,
      0.3933802843093872,
      0.896333634853363
    ]
  ],
  "position": [
    0.14867471158504486,
    -5.1599836349487305,
    -0.1317140907049179
  ],
  "focal_length": 1179.67529296875,
  "principal_point": [
    959.1878662109375,
    526.7432861328125
  ],
  "skew": 0.0,
  "pixel_aspect_ratio": 1.0,
  "radial_distortion": [
    -0.06811776012182236,
    0.10191366821527481,
    0.0
  ],
  "tangential_distortion": [
    -0.002756558358669281,
    0.007659177295863628
  ],
  "image_size": [
    1920,
    1080
  ]
}