{
  "orientation": [
    [
      0.269179105758667,
      -0.8660443425178528,
      0.4213191568851471
    ],
    [
      0.9313489198684692,
      0.345463365316391,
      0.11508362740278244
    ],
    [
      -0.24521785974502563,
      0.3614170253276825,
      0.8995809555053711
    ]
  ],
  "position": [
    0.21873806416988373,
    -5.1709818840026855,
    -0.09712047874927521
  ],
  "focal_length": 1179.67529296875,
  "principal_point": [
    959.1878662109375,
    526.7432861328125
  ],
  "skew": 0.0,
  "pixel_aspect_ratio": 1.0,
  "radial_distortion": [
    -0.06811776012182236,
    0.10191366821527481,
    0.0
  ],
  "tangential_distortion": [
    -0.002756558358669281,
    0.007659177295863628
  ],
  "image_size": [
    1920,
    1080
  ]
}