{
  "orientation": [
    [
      0.7846747040748596,
      -0.564120888710022,
      0.25700828433036804
    ],
    [
      0.529803454875946,
      0.8255290389060974,
      0.1944483369588852
    ],
    [
      -0.3218601644039154,
      -0.016414819285273552,
      0.9466449022293091
    ]
  ],
  "position": [
    1.1944806575775146,
    0.30439454317092896,
    1.033291220664978
  ],
  "focal_length": 1179.67529296875,
  "principal_point": [
    959.1878662109375,
    526.7432861328125
  ],
  "skew": 0.0,
  "pixel_aspect_ratio": 1.0,
  "radial_distortion": [
    -0.06811776012182236,
    0.10191366821527481,
    0.0
  ],
  "tangential_distortion": [
    -0.002756558358669281,
    0.007659177295863628
  ],
  "image_size": [
    1920,
    1080
  ]
}