{
  "orientation": [
    [
      0.5723949670791626,
      -0.7802396416664124,
      0.25217077136039734
    ],
    [
      0.8137695789337158,
      0.5783036351203918,
      -0.05782672390341759
    ],
    [
      -0.10071258246898651,
      0.2383086383342743,
      0.9659534096717834
    ]
  ],
  "position": [
    -0.4447454810142517,
    -4.5127363204956055,
    -0.23724719882011414
  ],
  "focal_length": 1179.67529296875,
  "principal_point": [
    959.1878662109375,
    526.7432861328125
  ],
  "skew": 0.0,
  "pixel_aspect_ratio": 1.0,
  "radial_distortion": [
    -0.06811776012182236,
    0.10191366821527481,
    0.0
  ],
  "tangential_distortion": [
    -0.002756558358669281,
    0.007659177295863628
  ],
  "image_size": [
    1920,
    1080
  ]
}