{
  "orientation": [
    [
      0.7676955461502075,
      -0.5830385684967041,
      0.2659127414226532
    ],
    [
      0.5413531064987183,
      0.8121130466461182,
      0.21773648262023926
    ],
    [
      -0.34290000796318054,
      -0.023202624171972275,
      0.9390853047370911
    ]
  ],
  "position": [
    1.1305556297302246,
    -0.07657818496227264,
    0.9969580173492432
  ],
  "focal_length": 1179.67529296875,
  "principal_point": [
    959.1878662109375,
    526.7432861328125
  ],
  "skew": 0.0,
  "pixel_aspect_ratio": 1.0,
  "radial_distortion": [
    -0.06811776012182236,
    0.10191366821527481,
    0.0
  ],
  "tangential_distortion": [
    -0.002756558358669281,
    0.007659177295863628
  ],
  "image_size": [
    1920,
    1080
  ]
}