{
  "orientation": [
    [
      0.9448594450950623,
      -0.3242819011211395,
      0.04562794789671898
    ],
    [
      0.32608762383461,
      0.9188582301139832,
      -0.22218558192253113
    ],
    [
      0.030125148594379425,
      0.224812850356102,
      0.973936140537262
    ]
  ],
  "position": [
    -2.5064258575439453,
    1.0943002700805664,
    -2.108532428741455
  ],
  "focal_length": 1179.67529296875,
  "principal_point": [
    959.1878662109375,
    526.7432861328125
  ],
  "skew": 0.0,
  "pixel_aspect_ratio": 1.0,
  "radial_distortion": [
    -0.06811776012182236,
    0.10191366821527481,
    0.0
  ],
  "tangential_distortion": [
    -0.002756558358669281,
    0.007659177295863628
  ],
  "image_size": [
    1920,
    1080
  ]
}