{
  "orientation": [
    [
      0.6986287236213684,
      -0.6950401663780212,
      0.16981495916843414
    ],
    [
      0.7144371271133423,
      0.6905097365379333,
      -0.11303064972162247
    ],
    [
      -0.03869803994894028,
      0.2002885639667511,
      0.9789723753929138
    ]
  ],
  "position": [
    -0.6823654174804688,
    -3.481121778488159,
    -1.0944030284881592
  ],
  "focal_length": 1179.67529296875,
  "principal_point": [
    959.1878662109375,
    526.7432861328125
  ],
  "skew": 0.0,
  "pixel_aspect_ratio": 1.0,
  "radial_distortion": [
    -0.06811776012182236,
    0.10191366821527481,
    0.0
  ],
  "tangential_distortion": [
    -0.002756558358669281,
    0.007659177295863628
  ],
  "image_size": [
    1920,
    1080
  ]
}