{
  "orientation": [
    [
      0.9963521361351013,
      0.07857305556535721,
      -0.03329724818468094
    ],
    [
      -0.07937407493591309,
      0.9965688586235046,
      -0.023457560688257217
    ],
    [
      0.031339868903160095,
      0.02601492963731289,
      0.999170184135437
    ]
  ],
  "position": [
    -3.60949444770813,
    1.6724965572357178,
    -0.7083165049552917
  ],
  "focal_length": 1179.67529296875,
  "principal_point": [
    959.1878662109375,
    526.7432861328125
  ],
  "skew": 0.0,
  "pixel_aspect_ratio": 1.0,
  "radial_distortion": [
    -0.06811776012182236,
    0.10191366821527481,
    0.0
  ],
  "tangential_distortion": [
    -0.002756558358669281,
    0.007659177295863628
  ],
  "image_size": [
    1920,
    1080
  ]
}