{
  "orientation": [
    [
      0.7925379276275635,
      -0.5548220872879028,
      0.25309303402900696
    ],
    [
      0.5213619470596313,
      0.8317472338676453,
      0.1907307207584381
    ],
    [
      -0.31633105874061584,
      -0.019208256155252457,
      0.9484543800354004
    ]
  ],
  "position": [
    1.3354734182357788,
    0.7326040267944336,
    1.1021091938018799
  ],
  "focal_length": 1179.67529296875,
  "principal_point": [
    959.1878662109375,
    526.7432861328125
  ],
  "skew": 0.0,
  "pixel_aspect_ratio": 1.0,
  "radial_distortion": [
    -0.06811776012182236,
    0.10191366821527481,
    0.0
  ],
  "tangential_distortion": [
    -0.002756558358669281,
    0.007659177295863628
  ],
  "image_size": [
    1920,
    1080
  ]
}