{
  "orientation": [
    [
      0.7480486035346985,
      -0.6031897664070129,
      0.2767406702041626
    ],
    [
      0.5550735592842102,
      0.7972399592399597,
      0.23727992177009583
    ],
    [
      -0.3637535572052002,
      -0.023885484784841537,
      0.9311889410018921
    ]
  ],
  "position": [
    1.1524174213409424,
    -0.4823092222213745,
    0.8736928701400757
  ],
  "focal_length": 1179.67529296875,
  "principal_point": [
    959.1878662109375,
    526.7432861328125
  ],
  "skew": 0.0,
  "pixel_aspect_ratio": 1.0,
  "radial_distortion": [
    -0.06811776012182236,
    0.10191366821527481,
    0.0
  ],
  "tangential_distortion": [
    -0.002756558358669281,
    0.007659177295863628
  ],
  "image_size": [
    1920,
    1080
  ]
}