{
  "orientation": [
    [
      0.999303936958313,
      -0.013536210171878338,
      -0.03476230055093765
    ],
    [
      0.00791686587035656,
      0.9875717163085938,
      -0.1569695621728897
    ],
    [
      0.03645503520965576,
      0.15658508241176605,
      0.9869914650917053
    ]
  ],
  "position": [
    -4.466751575469971,
    0.650858461856842,
    -1.6145540475845337
  ],
  "focal_length": 1179.67529296875,
  "principal_point": [
    959.1878662109375,
    526.7432861328125
  ],
  "skew": 0.0,
  "pixel_aspect_ratio": 1.0,
  "radial_distortion": [
    -0.06811776012182236,
    0.10191366821527481,
    0.0
  ],
  "tangential_distortion": [
    -0.002756558358669281,
    0.007659177295863628
  ],
  "image_size": [
    1920,
    1080
  ]
}