{
  "orientation": [
    [
      0.18467995524406433,
      -0.8817124366760254,
      0.43413880467414856
    ],
    [
      0.9663392305374146,
      0.24341590702533722,
      0.08328979462385178
    ],
    [
      -0.1791139394044876,
      0.40414339303970337,
      0.8969873785972595
    ]
  ],
  "position": [
    0.11250703781843185,
    -5.1549506187438965,
    -0.15723134577274323
  ],
  "focal_length": 1179.67529296875,
  "principal_point": [
    959.1878662109375,
    526.7432861328125
  ],
  "skew": 0.0,
  "pixel_aspect_ratio": 1.0,
  "radial_distortion": [
    -0.06811776012182236,
    0.10191366821527481,
    0.0
  ],
  "tangential_distortion": [
    -0.002756558358669281,
    0.007659177295863628
  ],
  "image_size": [
    1920,
    1080
  ]
}