{
  "orientation": [
    [
      0.9950559735298157,
      0.08764507621526718,
      -0.0467107817530632
    ],
    [
      -0.09103987365961075,
      0.9929176568984985,
      -0.07632989436388016
    ],
    [
      0.03969002142548561,
      0.08020506054162979,
      0.9959878921508789
    ]
  ],
  "position": [
    -4.336493492126465,
    0.841568648815155,
    -1.2234175205230713
  ],
  "focal_length": 1179.67529296875,
  "principal_point": [
    959.1878662109375,
    526.7432861328125
  ],
  "skew": 0.0,
  "pixel_aspect_ratio": 1.0,
  "radial_distortion": [
    -0.06811776012182236,
    0.10191366821527481,
    0.0
  ],
  "tangential_distortion": [
    -0.002756558358669281,
    0.007659177295863628
  ],
  "image_size": [
    1920,
    1080
  ]
}