{
  "orientation": [
    [
      0.849663496017456,
      -0.5186899304389954,
      0.095040462911129
    ],
    [
      0.5267386436462402,
      0.8263207077980042,
      -0.1993502974510193
    ],
    [
      0.024867093190550804,
      0.21944214403629303,
      0.9753085374832153
    ]
  ],
  "position": [
    -1.260401725769043,
    -1.4296947717666626,
    -1.2656406164169312
  ],
  "focal_length": 1179.67529296875,
  "principal_point": [
    959.1878662109375,
    526.7432861328125
  ],
  "skew": 0.0,
  "pixel_aspect_ratio": 1.0,
  "radial_distortion": [
    -0.06811776012182236,
    0.10191366821527481,
    0.0
  ],
  "tangential_distortion": [
    -0.002756558358669281,
    0.007659177295863628
  ],
  "image_size": [
    1920,
    1080
  ]
}