{
  "orientation": [
    [
      0.7422401309013367,
      -0.6096460819244385,
      0.2782287001609802
    ],
    [
      0.561418354511261,
      0.7923989295959473,
      0.23856519162654877
    ],
    [
      -0.3659084737300873,
      -0.02086995169520378,
      0.9304168224334717
    ]
  ],
  "position": [
    1.1392470598220825,
    -0.6087846159934998,
    0.8303529024124146
  ],
  "focal_length": 1179.67529296875,
  "principal_point": [
    959.1878662109375,
    526.7432861328125
  ],
  "skew": 0.0,
  "pixel_aspect_ratio": 1.0,
  "radial_distortion": [
    -0.06811776012182236,
    0.10191366821527481,
    0.0
  ],
  "tangential_distortion": [
    -0.002756558358669281,
    0.007659177295863628
  ],
  "image_size": [
    1920,
    1080
  ]
}