{
  "orientation": [
    [
      0.7876796126365662,
      -0.5603764653205872,
      0.25600603222846985
    ],
    [
      0.5271213054656982,
      0.8280960917472839,
      0.19078776240348816
    ],
    [
      -0.3189105689525604,
      -0.015333383344113827,
      0.9476607441902161
    ]
  ],
  "position": [
    1.246882677078247,
    0.4032166004180908,
    1.022945523262024
  ],
  "focal_length": 1179.67529296875,
  "principal_point": [
    959.1878662109375,
    526.7432861328125
  ],
  "skew": 0.0,
  "pixel_aspect_ratio": 1.0,
  "radial_distortion": [
    -0.06811776012182236,
    0.10191366821527481,
    0.0
  ],
  "tangential_distortion": [
    -0.002756558358669281,
    0.007659177295863628
  ],
  "image_size": [
    1920,
    1080
  ]
}