{
  "orientation": [
    [
      0.7977105379104614,
      -0.547846794128418,
      0.25203531980514526
    ],
    [
      0.5164721608161926,
      0.8364223837852478,
      0.18345056474208832
    ],
    [
      -0.3113107681274414,
      -0.016171224415302277,
      0.9501705765724182
    ]
  ],
  "position": [
    1.369998574256897,
    1.2773925065994263,
    1.1917682886123657
  ],
  "focal_length": 1179.67529296875,
  "principal_point": [
    959.1878662109375,
    526.7432861328125
  ],
  "skew": 0.0,
  "pixel_aspect_ratio": 1.0,
  "radial_distortion": [
    -0.06811776012182236,
    0.10191366821527481,
    0.0
  ],
  "tangential_distortion": [
    -0.002756558358669281,
    0.007659177295863628
  ],
  "image_size": [
    1920,
    1080
  ]
}