{
  "orientation": [
    [
      0.7744377851486206,
      -0.5764181017875671,
      0.2607455551624298
    ],
    [
      0.5377987623214722,
      0.8168783187866211,
      0.2085242122411728
    ],
    [
      -0.3331945240497589,
      -0.021260393783450127,
      0.9426183700561523
    ]
  ],
  "position": [
    1.1057733297348022,
    0.0852414220571518,
    1.065107822418213
  ],
  "focal_length": 1179.67529296875,
  "principal_point": [
    959.1878662109375,
    526.7432861328125
  ],
  "skew": 0.0,
  "pixel_aspect_ratio": 1.0,
  "radial_distortion": [
    -0.06811776012182236,
    0.10191366821527481,
    0.0
  ],
  "tangential_distortion": [
    -0.002756558358669281,
    0.007659177295863628
  ],
  "image_size": [
    1920,
    1080
  ]
}