{
  "orientation": [
    [
      0.9987640976905823,
      -0.04104812815785408,
      -0.02802322246134281
    ],
    [
      0.0355549231171608,
      0.984060525894165,
      -0.17424336075782776
    ],
    [
      0.03472891077399254,
      0.17303164303302765,
      0.9843037724494934
    ]
  ],
  "position": [
    -4.372210502624512,
    0.6388587951660156,
    -1.641482949256897
  ],
  "focal_length": 1179.67529296875,
  "principal_point": [
    959.1878662109375,
    526.7432861328125
  ],
  "skew": 0.0,
  "pixel_aspect_ratio": 1.0,
  "radial_distortion": [
    -0.06811776012182236,
    0.10191366821527481,
    0.0
  ],
  "tangential_distortion": [
    -0.002756558358669281,
    0.007659177295863628
  ],
  "image_size": [
    1920,
    1080
  ]
}