{
  "orientation": [
    [
      0.6699380874633789,
      -0.7178414463996887,
      0.18943752348423004
    ],
    [
      0.7402223348617554,
      0.6654521226882935,
      -0.09614797681570053
    ],
    [
      -0.05704259127378464,
      0.20463907718658447,
      0.9771739840507507
    ]
  ],
  "position": [
    -0.5068842172622681,
    -3.7216200828552246,
    -0.9961234927177429
  ],
  "focal_length": 1179.67529296875,
  "principal_point": [
    959.1878662109375,
    526.7432861328125
  ],
  "skew": 0.0,
  "pixel_aspect_ratio": 1.0,
  "radial_distortion": [
    -0.06811776012182236,
    0.10191366821527481,
    0.0
  ],
  "tangential_distortion": [
    -0.002756558358669281,
    0.007659177295863628
  ],
  "image_size": [
    1920,
    1080
  ]
}