{
  "orientation": [
    [
      0.9985141754150391,
      0.028297720476984978,
      -0.046569522470235825
    ],
    [
      -0.034048885107040405,
      0.991222620010376,
      -0.12774346768856049
    ],
    [
      0.04254591464996338,
      0.12913930416107178,
      0.9907132983207703
    ]
  ],
  "position": [
    -4.583950042724609,
    0.624379575252533,
    -1.6336383819580078
  ],
  "focal_length": 1179.67529296875,
  "principal_point": [
    959.1878662109375,
    526.7432861328125
  ],
  "skew": 0.0,
  "pixel_aspect_ratio": 1.0,
  "radial_distortion": [
    -0.06811776012182236,
    0.10191366821527481,
    0.0
  ],
  "tangential_distortion": [
    -0.002756558358669281,
    0.007659177295863628
  ],
  "image_size": [
    1920,
    1080
  ]
}