{
  "orientation": [
    [
      0.999249279499054,
      0.013722206465899944,
      -0.03622962161898613
    ],
    [
      -0.01886053755879402,
      0.9891730546951294,
      -0.14553678035736084
    ],
    [
      0.033840280026197433,
      0.14611083269119263,
      0.9886892437934875
    ]
  ],
  "position": [
    -4.473439693450928,
    0.58845454454422,
    -1.5452468395233154
  ],
  "focal_length": 1179.67529296875,
  "principal_point": [
    959.1878662109375,
    526.7432861328125
  ],
  "skew": 0.0,
  "pixel_aspect_ratio": 1.0,
  "radial_distortion": [
    -0.06811776012182236,
    0.10191366821527481,
    0.0
  ],
  "tangential_distortion": [
    -0.002756558358669281,
    0.007659177295863628
  ],
  "image_size": [
    1920,
    1080
  ]
}