{
  "orientation": [
    [
      0.7532144784927368,
      -0.6420260071754456,
      0.14307533204555511
    ],
    [
      0.6576934456825256,
      0.7385138869285583,
      -0.14844731986522675
    ],
    [
      -0.01035607885569334,
      0.20591238141059875,
      0.978515625
    ]
  ],
  "position": [
    -0.9210694432258606,
    -2.9511678218841553,
    -1.167519211769104
  ],
  "focal_length": 1179.67529296875,
  "principal_point": [
    959.1878662109375,
    526.7432861328125
  ],
  "skew": 0.0,
  "pixel_aspect_ratio": 1.0,
  "radial_distortion": [
    -0.06811776012182236,
    0.10191366821527481,
    0.0
  ],
  "tangential_distortion": [
    -0.002756558358669281,
    0.007659177295863628
  ],
  "image_size": [
    1920,
    1080
  ]
}