{
  "orientation": [
    [
      0.9618285298347473,
      -0.2720513343811035,
      0.029563182964920998
    ],
    [
      0.271870493888855,
      0.9376611709594727,
      -0.2165132313966751
    ],
    [
      0.031182462349534035,
      0.21628595888614655,
      0.9758319854736328
    ]
  ],
  "position": [
    -2.8852734565734863,
    1.3869150876998901,
    -2.181873321533203
  ],
  "focal_length": 1179.67529296875,
  "principal_point": [
    959.1878662109375,
    526.7432861328125
  ],
  "skew": 0.0,
  "pixel_aspect_ratio": 1.0,
  "radial_distortion": [
    -0.06811776012182236,
    0.10191366821527481,
    0.0
  ],
  "tangential_distortion": [
    -0.002756558358669281,
    0.007659177295863628
  ],
  "image_size": [
    1920,
    1080
  ]
}