{
  "orientation": [
    [
      0.7802979350090027,
      -0.5696040987968445,
      0.25823691487312317
    ],
    [
      0.5342965126037598,
      0.8217511773109436,
      0.1981218159198761
    ],
    [
      -0.3250574767589569,
      -0.016618968918919563,
      0.9455482363700867
    ]
  ],
  "position": [
    1.1101768016815186,
    0.18122300505638123,
    1.079358458518982
  ],
  "focal_length": 1179.67529296875,
  "principal_point": [
    959.1878662109375,
    526.7432861328125
  ],
  "skew": 0.0,
  "pixel_aspect_ratio": 1.0,
  "radial_distortion": [
    -0.06811776012182236,
    0.10191366821527481,
    0.0
  ],
  "tangential_distortion": [
    -0.002756558358669281,
    0.007659177295863628
  ],
  "image_size": [
    1920,
    1080
  ]
}