{
  "orientation": [
    [
      0.9968454241752625,
      0.06125839054584503,
      -0.050463926047086716
    ],
    [
      -0.06643187254667282,
      0.9919083118438721,
      -0.10818810760974884
    ],
    [
      0.04342816025018692,
      0.11119923740625381,
      0.992848813533783
    ]
  ],
  "position": [
    -4.628780841827393,
    0.6198985576629639,
    -1.497334599494934
  ],
  "focal_length": 1179.67529296875,
  "principal_point": [
    959.1878662109375,
    526.7432861328125
  ],
  "skew": 0.0,
  "pixel_aspect_ratio": 1.0,
  "radial_distortion": [
    -0.06811776012182236,
    0.10191366821527481,
    0.0
  ],
  "tangential_distortion": [
    -0.002756558358669281,
    0.007659177295863628
  ],
  "image_size": [
    1920,
    1080
  ]
}