{
  "orientation": [
    [
      0.6308964490890503,
      -0.7461024522781372,
      0.21283979713916779
    ],
    [
      0.7725268006324768,
      0.6295091509819031,
      -0.08318999409675598
    ],
    [
      -0.07191633433103561,
      0.21690872311592102,
      0.9735392332077026
    ]
  ],
  "position": [
    -0.46132194995880127,
    -4.073617458343506,
    -0.7531520128250122
  ],
  "focal_length": 1179.67529296875,
  "principal_point": [
    959.1878662109375,
    526.7432861328125
  ],
  "skew": 0.0,
  "pixel_aspect_ratio": 1.0,
  "radial_distortion": [
    -0.06811776012182236,
    0.10191366821527481,
    0.0
  ],
  "tangential_distortion": [
    -0.002756558358669281,
    0.007659177295863628
  ],
  "image_size": [
    1920,
    1080
  ]
}