{
  "orientation": [
    [
      0.7918463349342346,
      -0.5562431812286377,
      0.2521367371082306
    ],
    [
      0.5226720571517944,
      0.8307854533195496,
      0.19133591651916504
    ],
    [
      -0.3159008324146271,
      -0.0197238028049469,
      0.94858717918396
    ]
  ],
  "position": [
    1.3124680519104004,
    0.6097607016563416,
    1.045141577720642
  ],
  "focal_length": 1179.67529296875,
  "principal_point": [
    959.1878662109375,
    526.7432861328125
  ],
  "skew": 0.0,
  "pixel_aspect_ratio": 1.0,
  "radial_distortion": [
    -0.06811776012182236,
    0.10191366821527481,
    0.0
  ],
  "tangential_distortion": [
    -0.002756558358669281,
    0.007659177295863628
  ],
  "image_size": [
    1920,
    1080
  ]
}