{
  "orientation": [
    [
      0.615592896938324,
      -0.7554892301559448,
      0.22423502802848816
    ],
    [
      0.7830485701560974,
      0.6184426546096802,
      -0.06605729460716248
    ],
    [
      -0.08877094089984894,
      0.21625132858753204,
      0.9722937345504761
    ]
  ],
  "position": [
    -0.3387277126312256,
    -4.106118679046631,
    -0.57720947265625
  ],
  "focal_length": 1179.67529296875,
  "principal_point": [
    959.1878662109375,
    526.7432861328125
  ],
  "skew": 0.0,
  "pixel_aspect_ratio": 1.0,
  "radial_distortion": [
    -0.06811776012182236,
    0.10191366821527481,
    0.0
  ],
  "tangential_distortion": [
    -0.002756558358669281,
    0.007659177295863628
  ],
  "image_size": [
    1920,
    1080
  ]
}