{
  "orientation": [
    [
      0.8856033086776733,
      -0.45765185356140137,
      0.07913009822368622
    ],
    [
      0.46351611614227295,
      0.8601589798927307,
      -0.2127893567085266
    ],
    [
      0.02931898459792137,
      0.2251250445842743,
      0.973888635635376
    ]
  ],
  "position": [
    -1.4834601879119873,
    -0.6343676447868347,
    -1.5007615089416504
  ],
  "focal_length": 1179.67529296875,
  "principal_point": [
    959.1878662109375,
    526.7432861328125
  ],
  "skew": 0.0,
  "pixel_aspect_ratio": 1.0,
  "radial_distortion": [
    -0.06811776012182236,
    0.10191366821527481,
    0.0
  ],
  "tangential_distortion": [
    -0.002756558358669281,
    0.007659177295863628
  ],
  "image_size": [
    1920,
    1080
  ]
}