{
  "orientation": [
    [
      0.5402781367301941,
      -0.8014590740203857,
      0.2564427852630615
    ],
    [
      0.8328515291213989,
      0.5528441071510315,
      -0.026865925639867783
    ],
    [
      -0.1202409416437149,
      0.22809383273124695,
      0.966185986995697
    ]
  ],
  "position": [
    -0.42094358801841736,
    -4.480184078216553,
    -0.2868196964263916
  ],
  "focal_length": 1179.67529296875,
  "principal_point": [
    959.1878662109375,
    526.7432861328125
  ],
  "skew": 0.0,
  "pixel_aspect_ratio": 1.0,
  "radial_distortion": [
    -0.06811776012182236,
    0.10191366821527481,
    0.0
  ],
  "tangential_distortion": [
    -0.002756558358669281,
    0.007659177295863628
  ],
  "image_size": [
    1920,
    1080
  ]
}