{
  "orientation": [
    [
      0.9955013990402222,
      0.08628744632005692,
      -0.03913336992263794
    ],
    [
      -0.08752179145812988,
      0.9956799149513245,
      -0.03100631572306156
    ],
    [
      0.036288853734731674,
      0.03429185226559639,
      0.9987528324127197
    ]
  ],
  "position": [
    -3.834059715270996,
    1.461678147315979,
    -0.9577296376228333
  ],
  "focal_length": 1179.67529296875,
  "principal_point": [
    959.1878662109375,
    526.7432861328125
  ],
  "skew": 0.0,
  "pixel_aspect_ratio": 1.0,
  "radial_distortion": [
    -0.06811776012182236,
    0.10191366821527481,
    0.0
  ],
  "tangential_distortion": [
    -0.002756558358669281,
    0.007659177295863628
  ],
  "image_size": [
    1920,
    1080
  ]
}