{
  "orientation": [
    [
      0.7061251997947693,
      -0.6435279250144958,
      0.2953963875770569
    ],
    [
      0.5876250267028809,
      0.7653307914733887,
      0.2626130282878876
    ],
    [
      -0.3950747549533844,
      -0.01185537688434124,
      0.9185724854469299
    ]
  ],
  "position": [
    1.2109951972961426,
    -1.0722837448120117,
    0.9287446141242981
  ],
  "focal_length": 1179.67529296875,
  "principal_point": [
    959.1878662109375,
    526.7432861328125
  ],
  "skew": 0.0,
  "pixel_aspect_ratio": 1.0,
  "radial_distortion": [
    -0.06811776012182236,
    0.10191366821527481,
    0.0
  ],
  "tangential_distortion": [
    -0.002756558358669281,
    0.007659177295863628
  ],
  "image_size": [
    1920,
    1080
  ]
}